HITId,HITTypeId,Title,Description,Keywords,Reward,CreationTime,MaxAssignments,RequesterAnnotation,AssignmentDurationInSeconds,AutoApprovalDelayInSeconds,Expiration,NumberOfSimilarHITs,LifetimeInSeconds,AssignmentId,WorkerId,AssignmentStatus,AcceptTime,SubmitTime,AutoApprovalTime,ApprovalTime,RejectionTime,RequesterFeedback,WorkTimeInSeconds,LifetimeApprovalRate,Last30DaysApprovalRate,Last7DaysApprovalRate,Input.video_url,Answer.movement-difference.label,Approve,Reject,
3MGHRFQY3S4FCB4A9VTWES93R16Y0S,32CVJ4DS87AKBZOS25MBBTDANR6VKA,Virtual Character Motion Comparison,Rate the similarity of the movements of the two side-by-side virtual characters,"video, comparison, virtual character animation",$0.05 ,Mon May 10 09:55:34 PDT 2021,51,BatchId:4436912;OriginalHitTemplateId:928390922;,300,259200,Mon May 17 09:55:34 PDT 2021,,,304SM51WABJMMWS5Y74Y57D8CI8SBJ,AXAXLC0TXQ0QW,Submitted,Mon May 10 09:59:37 PDT 2021,Mon May 10 09:59:52 PDT 2021,Thu May 13 09:59:52 PDT 2021,,,,15,0% (0/0),0% (0/0),0% (0/0),https://www.cs.umb.edu/~fundad/drives/picking_neutral.mp4,4,,,
3MGHRFQY3S4FCB4A9VTWES93R16Y0S,32CVJ4DS87AKBZOS25MBBTDANR6VKA,Virtual Character Motion Comparison,Rate the similarity of the movements of the two side-by-side virtual characters,"video, comparison, virtual character animation",$0.05 ,Mon May 10 09:55:34 PDT 2021,51,BatchId:4436912;OriginalHitTemplateId:928390922;,300,259200,Mon May 17 09:55:34 PDT 2021,,,308XBLVESQJALHSSJI4TFX8CQGSBRH,A2IWGAADU93RNZ,Submitted,Mon May 10 10:09:46 PDT 2021,Mon May 10 10:10:25 PDT 2021,Thu May 13 10:10:25 PDT 2021,,,,39,0% (0/0),0% (0/0),0% (0/0),https://www.cs.umb.edu/~fundad/drives/picking_neutral.mp4,4,,,
3MGHRFQY3S4FCB4A9VTWES93R16Y0S,32CVJ4DS87AKBZOS25MBBTDANR6VKA,Virtual Character Motion Comparison,Rate the similarity of the movements of the two side-by-side virtual characters,"video, comparison, virtual character animation",$0.05 ,Mon May 10 09:55:34 PDT 2021,51,BatchId:4436912;OriginalHitTemplateId:928390922;,300,259200,Mon May 17 09:55:34 PDT 2021,,,30LSNF2392A345PDA2H90C4H9ETI2F,A39ICPRR4OS3OX,Submitted,Mon May 10 09:56:27 PDT 2021,Mon May 10 09:57:13 PDT 2021,Thu May 13 09:57:13 PDT 2021,,,,46,0% (0/0),0% (0/0),0% (0/0),https://www.cs.umb.edu/~fundad/drives/picking_neutral.mp4,3,,,
3MGHRFQY3S4FCB4A9VTWES93R16Y0S,32CVJ4DS87AKBZOS25MBBTDANR6VKA,Virtual Character Motion Comparison,Rate the similarity of the movements of the two side-by-side virtual characters,"video, comparison, virtual character animation",$0.05 ,Mon May 10 09:55:34 PDT 2021,51,BatchId:4436912;OriginalHitTemplateId:928390922;,300,259200,Mon May 17 09:55:34 PDT 2021,,,33C7UALJVTD3QEV4IC54I40YECB81H,A1VMYCTZSIBP5J,Submitted,Mon May 10 10:00:38 PDT 2021,Mon May 10 10:00:46 PDT 2021,Thu May 13 10:00:46 PDT 2021,,,,8,100% (97/97),0% (0/0),0% (0/0),https://www.cs.umb.edu/~fundad/drives/picking_neutral.mp4,4,,,
3MGHRFQY3S4FCB4A9VTWES93R16Y0S,32CVJ4DS87AKBZOS25MBBTDANR6VKA,Virtual Character Motion Comparison,Rate the similarity of the movements of the two side-by-side virtual characters,"video, comparison, virtual character animation",$0.05 ,Mon May 10 09:55:34 PDT 2021,51,BatchId:4436912;OriginalHitTemplateId:928390922;,300,259200,Mon May 17 09:55:34 PDT 2021,,,33F859I56ESXWNEPNDSZ1T6637RBHH,A2MRHI9MYSZ37U,Submitted,Mon May 10 09:56:47 PDT 2021,Mon May 10 09:58:06 PDT 2021,Thu May 13 09:58:06 PDT 2021,,,,79,0% (0/0),0% (0/0),0% (0/0),https://www.cs.umb.edu/~fundad/drives/picking_neutral.mp4,4,,,
3MGHRFQY3S4FCB4A9VTWES93R16Y0S,32CVJ4DS87AKBZOS25MBBTDANR6VKA,Virtual Character Motion Comparison,Rate the similarity of the movements of the two side-by-side virtual characters,"video, comparison, virtual character animation",$0.05 ,Mon May 10 09:55:34 PDT 2021,51,BatchId:4436912;OriginalHitTemplateId:928390922;,300,259200,Mon May 17 09:55:34 PDT 2021,,,33SA9F9TR59D0GLYS3GP34MELSHWE2,A306NPJADFSPON,Submitted,Mon May 10 09:58:27 PDT 2021,Mon May 10 09:59:18 PDT 2021,Thu May 13 09:59:18 PDT 2021,,,,51,0% (0/0),0% (0/0),0% (0/0),https://www.cs.umb.edu/~fundad/drives/picking_neutral.mp4,4,,,
3MGHRFQY3S4FCB4A9VTWES93R16Y0S,32CVJ4DS87AKBZOS25MBBTDANR6VKA,Virtual Character Motion Comparison,Rate the similarity of the movements of the two side-by-side virtual characters,"video, comparison, virtual character animation",$0.05 ,Mon May 10 09:55:34 PDT 2021,51,BatchId:4436912;OriginalHitTemplateId:928390922;,300,259200,Mon May 17 09:55:34 PDT 2021,,,33SA9F9TR59D0GLYS3GP34MELSJWE4,A3EM9OBO5KU9GG,Submitted,Mon May 10 10:07:07 PDT 2021,Mon May 10 10:07:19 PDT 2021,Thu May 13 10:07:19 PDT 2021,,,,12,100% (56/56),0% (0/0),0% (0/0),https://www.cs.umb.edu/~fundad/drives/picking_neutral.mp4,4,,,
3MGHRFQY3S4FCB4A9VTWES93R16Y0S,32CVJ4DS87AKBZOS25MBBTDANR6VKA,Virtual Character Motion Comparison,Rate the similarity of the movements of the two side-by-side virtual characters,"video, comparison, virtual character animation",$0.05 ,Mon May 10 09:55:34 PDT 2021,51,BatchId:4436912;OriginalHitTemplateId:928390922;,300,259200,Mon May 17 09:55:34 PDT 2021,,,3570Y55XZXYF9ZCPDZO1O4S69GVYGJ,A3U5D83UGFY23Y,Submitted,Mon May 10 09:56:37 PDT 2021,Mon May 10 09:56:48 PDT 2021,Thu May 13 09:56:48 PDT 2021,,,,11,0% (0/0),0% (0/0),0% (0/0),https://www.cs.umb.edu/~fundad/drives/picking_neutral.mp4,3,,,
3MGHRFQY3S4FCB4A9VTWES93R16Y0S,32CVJ4DS87AKBZOS25MBBTDANR6VKA,Virtual Character Motion Comparison,Rate the similarity of the movements of the two side-by-side virtual characters,"video, comparison, virtual character animation",$0.05 ,Mon May 10 09:55:34 PDT 2021,51,BatchId:4436912;OriginalHitTemplateId:928390922;,300,259200,Mon May 17 09:55:34 PDT 2021,,,35LDD5557IJKH4JUKNL5S1XS7N2KMM,AE62GL4CCNGDS,Submitted,Mon May 10 10:10:45 PDT 2021,Mon May 10 10:11:37 PDT 2021,Thu May 13 10:11:37 PDT 2021,,,,52,0% (0/0),0% (0/0),0% (0/0),https://www.cs.umb.edu/~fundad/drives/picking_neutral.mp4,3,,,
3MGHRFQY3S4FCB4A9VTWES93R16Y0S,32CVJ4DS87AKBZOS25MBBTDANR6VKA,Virtual Character Motion Comparison,Rate the similarity of the movements of the two side-by-side virtual characters,"video, comparison, virtual character animation",$0.05 ,Mon May 10 09:55:34 PDT 2021,51,BatchId:4436912;OriginalHitTemplateId:928390922;,300,259200,Mon May 17 09:55:34 PDT 2021,,,36PW28KO47BGT3IVRYKXLFPNT9EAE5,A329CKW65AYB5K,Submitted,Mon May 10 09:56:21 PDT 2021,Mon May 10 09:57:29 PDT 2021,Thu May 13 09:57:29 PDT 2021,,,,68,0% (0/0),0% (0/0),0% (0/0),https://www.cs.umb.edu/~fundad/drives/picking_neutral.mp4,4,,,
3MGHRFQY3S4FCB4A9VTWES93R16Y0S,32CVJ4DS87AKBZOS25MBBTDANR6VKA,Virtual Character Motion Comparison,Rate the similarity of the movements of the two side-by-side virtual characters,"video, comparison, virtual character animation",$0.05 ,Mon May 10 09:55:34 PDT 2021,51,BatchId:4436912;OriginalHitTemplateId:928390922;,300,259200,Mon May 17 09:55:34 PDT 2021,,,36W0OB37H4TTELH5TR82NBD9UAHHZX,A2URMYFRQM2WHN,Submitted,Mon May 10 10:13:23 PDT 2021,Mon May 10 10:13:55 PDT 2021,Thu May 13 10:13:55 PDT 2021,,,,32,0% (0/0),0% (0/0),0% (0/0),https://www.cs.umb.edu/~fundad/drives/picking_neutral.mp4,4,,,
3MGHRFQY3S4FCB4A9VTWES93R16Y0S,32CVJ4DS87AKBZOS25MBBTDANR6VKA,Virtual Character Motion Comparison,Rate the similarity of the movements of the two side-by-side virtual characters,"video, comparison, virtual character animation",$0.05 ,Mon May 10 09:55:34 PDT 2021,51,BatchId:4436912;OriginalHitTemplateId:928390922;,300,259200,Mon May 17 09:55:34 PDT 2021,,,39GHHAVOMN692UO6WYLX5SGF67EJ4O,A2SD47UV25XSGN,Submitted,Mon May 10 09:57:21 PDT 2021,Mon May 10 09:57:42 PDT 2021,Thu May 13 09:57:42 PDT 2021,,,,21,0% (0/0),0% (0/0),0% (0/0),https://www.cs.umb.edu/~fundad/drives/picking_neutral.mp4,3,,,
3MGHRFQY3S4FCB4A9VTWES93R16Y0S,32CVJ4DS87AKBZOS25MBBTDANR6VKA,Virtual Character Motion Comparison,Rate the similarity of the movements of the two side-by-side virtual characters,"video, comparison, virtual character animation",$0.05 ,Mon May 10 09:55:34 PDT 2021,51,BatchId:4436912;OriginalHitTemplateId:928390922;,300,259200,Mon May 17 09:55:34 PDT 2021,,,39LOEL67O0KZ0H9J5GJN6XFVCWP839,AXHPEZP1OEK7J,Submitted,Mon May 10 10:00:41 PDT 2021,Mon May 10 10:01:07 PDT 2021,Thu May 13 10:01:07 PDT 2021,,,,26,0% (0/0),0% (0/0),0% (0/0),https://www.cs.umb.edu/~fundad/drives/picking_neutral.mp4,4,,,
3MGHRFQY3S4FCB4A9VTWES93R16Y0S,32CVJ4DS87AKBZOS25MBBTDANR6VKA,Virtual Character Motion Comparison,Rate the similarity of the movements of the two side-by-side virtual characters,"video, comparison, virtual character animation",$0.05 ,Mon May 10 09:55:34 PDT 2021,51,BatchId:4436912;OriginalHitTemplateId:928390922;,300,259200,Mon May 17 09:55:34 PDT 2021,,,3B1NLC6UG7BL0LKOMCSIBDZU5BTGP8,A14N7TK3CEQVAE,Submitted,Mon May 10 09:56:57 PDT 2021,Mon May 10 09:57:44 PDT 2021,Thu May 13 09:57:44 PDT 2021,,,,47,0% (0/0),0% (0/0),0% (0/0),https://www.cs.umb.edu/~fundad/drives/picking_neutral.mp4,4,,,
3MGHRFQY3S4FCB4A9VTWES93R16Y0S,32CVJ4DS87AKBZOS25MBBTDANR6VKA,Virtual Character Motion Comparison,Rate the similarity of the movements of the two side-by-side virtual characters,"video, comparison, virtual character animation",$0.05 ,Mon May 10 09:55:34 PDT 2021,51,BatchId:4436912;OriginalHitTemplateId:928390922;,300,259200,Mon May 17 09:55:34 PDT 2021,,,3CP1TO84P1GRSHUY3IYFB30C4SN25P,A6YDORFZZXXPQ,Submitted,Mon May 10 09:57:05 PDT 2021,Mon May 10 09:57:19 PDT 2021,Thu May 13 09:57:19 PDT 2021,,,,14,0% (0/0),0% (0/0),0% (0/0),https://www.cs.umb.edu/~fundad/drives/picking_neutral.mp4,3,,,
3MGHRFQY3S4FCB4A9VTWES93R16Y0S,32CVJ4DS87AKBZOS25MBBTDANR6VKA,Virtual Character Motion Comparison,Rate the similarity of the movements of the two side-by-side virtual characters,"video, comparison, virtual character animation",$0.05 ,Mon May 10 09:55:34 PDT 2021,51,BatchId:4436912;OriginalHitTemplateId:928390922;,300,259200,Mon May 17 09:55:34 PDT 2021,,,3CTOC39K3F56LH6PYWJ4840PX95J79,A31A74MWKPUJC9,Submitted,Mon May 10 10:01:52 PDT 2021,Mon May 10 10:02:30 PDT 2021,Thu May 13 10:02:30 PDT 2021,,,,38,0% (0/0),0% (0/0),0% (0/0),https://www.cs.umb.edu/~fundad/drives/picking_neutral.mp4,4,,,
3MGHRFQY3S4FCB4A9VTWES93R16Y0S,32CVJ4DS87AKBZOS25MBBTDANR6VKA,Virtual Character Motion Comparison,Rate the similarity of the movements of the two side-by-side virtual characters,"video, comparison, virtual character animation",$0.05 ,Mon May 10 09:55:34 PDT 2021,51,BatchId:4436912;OriginalHitTemplateId:928390922;,300,259200,Mon May 17 09:55:34 PDT 2021,,,3FDJT1UU7CNM9XYOSO4JBZM6LSAK5U,AKH0WFAUBUKUS,Submitted,Mon May 10 10:03:03 PDT 2021,Mon May 10 10:03:17 PDT 2021,Thu May 13 10:03:17 PDT 2021,,,,14,0% (0/0),0% (0/0),0% (0/0),https://www.cs.umb.edu/~fundad/drives/picking_neutral.mp4,4,,,
3MGHRFQY3S4FCB4A9VTWES93R16Y0S,32CVJ4DS87AKBZOS25MBBTDANR6VKA,Virtual Character Motion Comparison,Rate the similarity of the movements of the two side-by-side virtual characters,"video, comparison, virtual character animation",$0.05 ,Mon May 10 09:55:34 PDT 2021,51,BatchId:4436912;OriginalHitTemplateId:928390922;,300,259200,Mon May 17 09:55:34 PDT 2021,,,3FTF2T8WLZXW5KUHKS03BQL3UV1W9S,A3TKUXUTDX6FBF,Submitted,Mon May 10 09:58:13 PDT 2021,Mon May 10 09:58:24 PDT 2021,Thu May 13 09:58:24 PDT 2021,,,,11,0% (0/0),0% (0/0),0% (0/0),https://www.cs.umb.edu/~fundad/drives/picking_neutral.mp4,4,,,
3MGHRFQY3S4FCB4A9VTWES93R16Y0S,32CVJ4DS87AKBZOS25MBBTDANR6VKA,Virtual Character Motion Comparison,Rate the similarity of the movements of the two side-by-side virtual characters,"video, comparison, virtual character animation",$0.05 ,Mon May 10 09:55:34 PDT 2021,51,BatchId:4436912;OriginalHitTemplateId:928390922;,300,259200,Mon May 17 09:55:34 PDT 2021,,,3GD6L00D30CIB3X8CDFNNM1TYH2M1L,A3KED8NFUJ4PVR,Submitted,Mon May 10 10:09:38 PDT 2021,Mon May 10 10:09:55 PDT 2021,Thu May 13 10:09:55 PDT 2021,,,,17,0% (0/0),0% (0/0),0% (0/0),https://www.cs.umb.edu/~fundad/drives/picking_neutral.mp4,3,,,
3MGHRFQY3S4FCB4A9VTWES93R16Y0S,32CVJ4DS87AKBZOS25MBBTDANR6VKA,Virtual Character Motion Comparison,Rate the similarity of the movements of the two side-by-side virtual characters,"video, comparison, virtual character animation",$0.05 ,Mon May 10 09:55:34 PDT 2021,51,BatchId:4436912;OriginalHitTemplateId:928390922;,300,259200,Mon May 17 09:55:34 PDT 2021,,,3H8DHMCCWHQHDADH7UM29BAYY97DKU,A1PZB4LFA0QI45,Submitted,Mon May 10 09:57:02 PDT 2021,Mon May 10 09:57:17 PDT 2021,Thu May 13 09:57:17 PDT 2021,,,,15,0% (0/0),0% (0/0),0% (0/0),https://www.cs.umb.edu/~fundad/drives/picking_neutral.mp4,4,,,
3MGHRFQY3S4FCB4A9VTWES93R16Y0S,32CVJ4DS87AKBZOS25MBBTDANR6VKA,Virtual Character Motion Comparison,Rate the similarity of the movements of the two side-by-side virtual characters,"video, comparison, virtual character animation",$0.05 ,Mon May 10 09:55:34 PDT 2021,51,BatchId:4436912;OriginalHitTemplateId:928390922;,300,259200,Mon May 17 09:55:34 PDT 2021,,,3HYA4D452ZYJUENN9UBOXFRPTM12F8,A2VO8C41JJIQY9,Submitted,Mon May 10 09:56:04 PDT 2021,Mon May 10 09:56:13 PDT 2021,Thu May 13 09:56:13 PDT 2021,,,,9,100% (36/36),0% (0/0),0% (0/0),https://www.cs.umb.edu/~fundad/drives/picking_neutral.mp4,4,,,
3MGHRFQY3S4FCB4A9VTWES93R16Y0S,32CVJ4DS87AKBZOS25MBBTDANR6VKA,Virtual Character Motion Comparison,Rate the similarity of the movements of the two side-by-side virtual characters,"video, comparison, virtual character animation",$0.05 ,Mon May 10 09:55:34 PDT 2021,51,BatchId:4436912;OriginalHitTemplateId:928390922;,300,259200,Mon May 17 09:55:34 PDT 2021,,,3I33IC7ZWNHOYN6FYEPWJEGYW6QA25,AANUUKQPVMD9Q,Submitted,Mon May 10 10:04:02 PDT 2021,Mon May 10 10:04:56 PDT 2021,Thu May 13 10:04:56 PDT 2021,,,,54,0% (0/0),0% (0/0),0% (0/0),https://www.cs.umb.edu/~fundad/drives/picking_neutral.mp4,4,,,
3MGHRFQY3S4FCB4A9VTWES93R16Y0S,32CVJ4DS87AKBZOS25MBBTDANR6VKA,Virtual Character Motion Comparison,Rate the similarity of the movements of the two side-by-side virtual characters,"video, comparison, virtual character animation",$0.05 ,Mon May 10 09:55:34 PDT 2021,51,BatchId:4436912;OriginalHitTemplateId:928390922;,300,259200,Mon May 17 09:55:34 PDT 2021,,,3I7DHKZYGVFBTB6ARDDMVMU1DWT5FD,A2EF88OYJ2OX19,Submitted,Mon May 10 10:00:09 PDT 2021,Mon May 10 10:02:27 PDT 2021,Thu May 13 10:02:27 PDT 2021,,,,138,0% (0/0),0% (0/0),0% (0/0),https://www.cs.umb.edu/~fundad/drives/picking_neutral.mp4,4,,,
3MGHRFQY3S4FCB4A9VTWES93R16Y0S,32CVJ4DS87AKBZOS25MBBTDANR6VKA,Virtual Character Motion Comparison,Rate the similarity of the movements of the two side-by-side virtual characters,"video, comparison, virtual character animation",$0.05 ,Mon May 10 09:55:34 PDT 2021,51,BatchId:4436912;OriginalHitTemplateId:928390922;,300,259200,Mon May 17 09:55:34 PDT 2021,,,3K3R2QNK8JIJDG5CPSL2T2069FR9U7,A1LDS7OIWQ150C,Submitted,Mon May 10 09:59:28 PDT 2021,Mon May 10 09:59:52 PDT 2021,Thu May 13 09:59:52 PDT 2021,,,,24,100% (60/60),0% (0/0),0% (0/0),https://www.cs.umb.edu/~fundad/drives/picking_neutral.mp4,4,,,
3MGHRFQY3S4FCB4A9VTWES93R16Y0S,32CVJ4DS87AKBZOS25MBBTDANR6VKA,Virtual Character Motion Comparison,Rate the similarity of the movements of the two side-by-side virtual characters,"video, comparison, virtual character animation",$0.05 ,Mon May 10 09:55:34 PDT 2021,51,BatchId:4436912;OriginalHitTemplateId:928390922;,300,259200,Mon May 17 09:55:34 PDT 2021,,,3K772S5NPGQV3QQ9X4UP21CR645HEO,A15G1VLKLE2HE5,Submitted,Mon May 10 10:02:06 PDT 2021,Mon May 10 10:02:17 PDT 2021,Thu May 13 10:02:17 PDT 2021,,,,11,0% (0/0),0% (0/0),0% (0/0),https://www.cs.umb.edu/~fundad/drives/picking_neutral.mp4,4,,,
3MGHRFQY3S4FCB4A9VTWES93R16Y0S,32CVJ4DS87AKBZOS25MBBTDANR6VKA,Virtual Character Motion Comparison,Rate the similarity of the movements of the two side-by-side virtual characters,"video, comparison, virtual character animation",$0.05 ,Mon May 10 09:55:34 PDT 2021,51,BatchId:4436912;OriginalHitTemplateId:928390922;,300,259200,Mon May 17 09:55:34 PDT 2021,,,3L70J4KAZO1B1X4VV39DFX72TXDDAF,A1W7L2G03DMKTH,Submitted,Mon May 10 09:57:47 PDT 2021,Mon May 10 09:58:15 PDT 2021,Thu May 13 09:58:15 PDT 2021,,,,28,0% (0/0),0% (0/0),0% (0/0),https://www.cs.umb.edu/~fundad/drives/picking_neutral.mp4,4,,,
3MGHRFQY3S4FCB4A9VTWES93R16Y0S,32CVJ4DS87AKBZOS25MBBTDANR6VKA,Virtual Character Motion Comparison,Rate the similarity of the movements of the two side-by-side virtual characters,"video, comparison, virtual character animation",$0.05 ,Mon May 10 09:55:34 PDT 2021,51,BatchId:4436912;OriginalHitTemplateId:928390922;,300,259200,Mon May 17 09:55:34 PDT 2021,,,3L70J4KAZO1B1X4VV39DFX72TXGADF,A3I9CPE69O3INJ,Submitted,Mon May 10 10:08:10 PDT 2021,Mon May 10 10:08:33 PDT 2021,Thu May 13 10:08:33 PDT 2021,,,,23,0% (0/0),0% (0/0),0% (0/0),https://www.cs.umb.edu/~fundad/drives/picking_neutral.mp4,4,,,
3MGHRFQY3S4FCB4A9VTWES93R16Y0S,32CVJ4DS87AKBZOS25MBBTDANR6VKA,Virtual Character Motion Comparison,Rate the similarity of the movements of the two side-by-side virtual characters,"video, comparison, virtual character animation",$0.05 ,Mon May 10 09:55:34 PDT 2021,51,BatchId:4436912;OriginalHitTemplateId:928390922;,300,259200,Mon May 17 09:55:34 PDT 2021,,,3MYYFCXHJBMZBSY5OS0U8FOZEFXG4H,A1JCKICNOC7DAB,Submitted,Mon May 10 09:56:37 PDT 2021,Mon May 10 09:56:51 PDT 2021,Thu May 13 09:56:51 PDT 2021,,,,14,0% (0/0),0% (0/0),0% (0/0),https://www.cs.umb.edu/~fundad/drives/picking_neutral.mp4,4,,,
3MGHRFQY3S4FCB4A9VTWES93R16Y0S,32CVJ4DS87AKBZOS25MBBTDANR6VKA,Virtual Character Motion Comparison,Rate the similarity of the movements of the two side-by-side virtual characters,"video, comparison, virtual character animation",$0.05 ,Mon May 10 09:55:34 PDT 2021,51,BatchId:4436912;OriginalHitTemplateId:928390922;,300,259200,Mon May 17 09:55:34 PDT 2021,,,3N1FSUEFLDFWZ8OEM2ZM2UL21NI4DW,AT3HPICJ6SAOA,Submitted,Mon May 10 09:59:01 PDT 2021,Mon May 10 09:59:40 PDT 2021,Thu May 13 09:59:40 PDT 2021,,,,39,0% (0/0),0% (0/0),0% (0/0),https://www.cs.umb.edu/~fundad/drives/picking_neutral.mp4,4,,,
3MGHRFQY3S4FCB4A9VTWES93R16Y0S,32CVJ4DS87AKBZOS25MBBTDANR6VKA,Virtual Character Motion Comparison,Rate the similarity of the movements of the two side-by-side virtual characters,"video, comparison, virtual character animation",$0.05 ,Mon May 10 09:55:34 PDT 2021,51,BatchId:4436912;OriginalHitTemplateId:928390922;,300,259200,Mon May 17 09:55:34 PDT 2021,,,3NC5L260MW1X1LCSWS9L4SUSUR0FOU,A3F51C49T9A34D,Submitted,Mon May 10 10:08:30 PDT 2021,Mon May 10 10:09:14 PDT 2021,Thu May 13 10:09:14 PDT 2021,,,,44,0% (0/0),0% (0/0),0% (0/0),https://www.cs.umb.edu/~fundad/drives/picking_neutral.mp4,3,,,
3MGHRFQY3S4FCB4A9VTWES93R16Y0S,32CVJ4DS87AKBZOS25MBBTDANR6VKA,Virtual Character Motion Comparison,Rate the similarity of the movements of the two side-by-side virtual characters,"video, comparison, virtual character animation",$0.05 ,Mon May 10 09:55:34 PDT 2021,51,BatchId:4436912;OriginalHitTemplateId:928390922;,300,259200,Mon May 17 09:55:34 PDT 2021,,,3NGI5ARFT1KOW6UL4T7F4QVO3MBP1I,AQ5H9HKYEGCXA,Submitted,Mon May 10 10:02:06 PDT 2021,Mon May 10 10:03:31 PDT 2021,Thu May 13 10:03:31 PDT 2021,,,,85,0% (0/0),0% (0/0),0% (0/0),https://www.cs.umb.edu/~fundad/drives/picking_neutral.mp4,4,,,
3MGHRFQY3S4FCB4A9VTWES93R16Y0S,32CVJ4DS87AKBZOS25MBBTDANR6VKA,Virtual Character Motion Comparison,Rate the similarity of the movements of the two side-by-side virtual characters,"video, comparison, virtual character animation",$0.05 ,Mon May 10 09:55:34 PDT 2021,51,BatchId:4436912;OriginalHitTemplateId:928390922;,300,259200,Mon May 17 09:55:34 PDT 2021,,,3OJSZ2ATD0BYEIR49UFA7UHKF8C75D,A3OCXE2VIIRSVH,Submitted,Mon May 10 10:07:36 PDT 2021,Mon May 10 10:08:35 PDT 2021,Thu May 13 10:08:35 PDT 2021,,,,59,0% (0/0),0% (0/0),0% (0/0),https://www.cs.umb.edu/~fundad/drives/picking_neutral.mp4,4,,,
3MGHRFQY3S4FCB4A9VTWES93R16Y0S,32CVJ4DS87AKBZOS25MBBTDANR6VKA,Virtual Character Motion Comparison,Rate the similarity of the movements of the two side-by-side virtual characters,"video, comparison, virtual character animation",$0.05 ,Mon May 10 09:55:34 PDT 2021,51,BatchId:4436912;OriginalHitTemplateId:928390922;,300,259200,Mon May 17 09:55:34 PDT 2021,,,3OVR4I9USXYQOHSJRO562TS1K2B4Q5,A3TTGSUBIK1YCL,Submitted,Mon May 10 10:14:12 PDT 2021,Mon May 10 10:15:23 PDT 2021,Thu May 13 10:15:23 PDT 2021,,,,71,0% (0/0),0% (0/0),0% (0/0),https://www.cs.umb.edu/~fundad/drives/picking_neutral.mp4,3,,,
3MGHRFQY3S4FCB4A9VTWES93R16Y0S,32CVJ4DS87AKBZOS25MBBTDANR6VKA,Virtual Character Motion Comparison,Rate the similarity of the movements of the two side-by-side virtual characters,"video, comparison, virtual character animation",$0.05 ,Mon May 10 09:55:34 PDT 2021,51,BatchId:4436912;OriginalHitTemplateId:928390922;,300,259200,Mon May 17 09:55:34 PDT 2021,,,3PDJHANYKDVRQBXURMBRQDKEP6I6HT,AZPJUBGJZ3BT4,Submitted,Mon May 10 10:05:38 PDT 2021,Mon May 10 10:05:53 PDT 2021,Thu May 13 10:05:53 PDT 2021,,,,15,0% (0/0),0% (0/0),0% (0/0),https://www.cs.umb.edu/~fundad/drives/picking_neutral.mp4,3,,,
3MGHRFQY3S4FCB4A9VTWES93R16Y0S,32CVJ4DS87AKBZOS25MBBTDANR6VKA,Virtual Character Motion Comparison,Rate the similarity of the movements of the two side-by-side virtual characters,"video, comparison, virtual character animation",$0.05 ,Mon May 10 09:55:34 PDT 2021,51,BatchId:4436912;OriginalHitTemplateId:928390922;,300,259200,Mon May 17 09:55:34 PDT 2021,,,3PM8NZGV86VHMJGTBZ7BZ4PZDXFXQC,A3HJNOCKXFOOVP,Submitted,Mon May 10 10:14:56 PDT 2021,Mon May 10 10:15:07 PDT 2021,Thu May 13 10:15:07 PDT 2021,,,,11,0% (0/0),0% (0/0),0% (0/0),https://www.cs.umb.edu/~fundad/drives/picking_neutral.mp4,4,,,
3MGHRFQY3S4FCB4A9VTWES93R16Y0S,32CVJ4DS87AKBZOS25MBBTDANR6VKA,Virtual Character Motion Comparison,Rate the similarity of the movements of the two side-by-side virtual characters,"video, comparison, virtual character animation",$0.05 ,Mon May 10 09:55:34 PDT 2021,51,BatchId:4436912;OriginalHitTemplateId:928390922;,300,259200,Mon May 17 09:55:34 PDT 2021,,,3PS7W85Z87H4D3QNPNVSO6E4Q1KT90,AKXJDNVRKOMKM,Submitted,Mon May 10 10:02:14 PDT 2021,Mon May 10 10:02:28 PDT 2021,Thu May 13 10:02:28 PDT 2021,,,,14,0% (0/0),0% (0/0),0% (0/0),https://www.cs.umb.edu/~fundad/drives/picking_neutral.mp4,4,,,
3MGHRFQY3S4FCB4A9VTWES93R16Y0S,32CVJ4DS87AKBZOS25MBBTDANR6VKA,Virtual Character Motion Comparison,Rate the similarity of the movements of the two side-by-side virtual characters,"video, comparison, virtual character animation",$0.05 ,Mon May 10 09:55:34 PDT 2021,51,BatchId:4436912;OriginalHitTemplateId:928390922;,300,259200,Mon May 17 09:55:34 PDT 2021,,,3Q5C1WP23UGK3WC2KEY16KQ7CMB51D,A16J2CW30USNJI,Submitted,Mon May 10 10:04:08 PDT 2021,Mon May 10 10:04:35 PDT 2021,Thu May 13 10:04:35 PDT 2021,,,,27,100% (4/4),0% (0/0),0% (0/0),https://www.cs.umb.edu/~fundad/drives/picking_neutral.mp4,4,,,
3MGHRFQY3S4FCB4A9VTWES93R16Y0S,32CVJ4DS87AKBZOS25MBBTDANR6VKA,Virtual Character Motion Comparison,Rate the similarity of the movements of the two side-by-side virtual characters,"video, comparison, virtual character animation",$0.05 ,Mon May 10 09:55:34 PDT 2021,51,BatchId:4436912;OriginalHitTemplateId:928390922;,300,259200,Mon May 17 09:55:34 PDT 2021,,,3QY5DC2MXZZSEQWPSELU3YMHCDLFU4,AT9UG11XAEDZL,Submitted,Mon May 10 09:56:25 PDT 2021,Mon May 10 09:56:42 PDT 2021,Thu May 13 09:56:42 PDT 2021,,,,17,0% (0/0),0% (0/0),0% (0/0),https://www.cs.umb.edu/~fundad/drives/picking_neutral.mp4,4,,,
3MGHRFQY3S4FCB4A9VTWES93R16Y0S,32CVJ4DS87AKBZOS25MBBTDANR6VKA,Virtual Character Motion Comparison,Rate the similarity of the movements of the two side-by-side virtual characters,"video, comparison, virtual character animation",$0.05 ,Mon May 10 09:55:34 PDT 2021,51,BatchId:4436912;OriginalHitTemplateId:928390922;,300,259200,Mon May 17 09:55:34 PDT 2021,,,3RANCT1ZVNW219K9NCZYK8VWXFTUB1,A1FL53VTH8JPSS,Submitted,Mon May 10 09:58:51 PDT 2021,Mon May 10 09:58:59 PDT 2021,Thu May 13 09:58:59 PDT 2021,,,,8,0% (0/0),0% (0/0),0% (0/0),https://www.cs.umb.edu/~fundad/drives/picking_neutral.mp4,2,,,
3MGHRFQY3S4FCB4A9VTWES93R16Y0S,32CVJ4DS87AKBZOS25MBBTDANR6VKA,Virtual Character Motion Comparison,Rate the similarity of the movements of the two side-by-side virtual characters,"video, comparison, virtual character animation",$0.05 ,Mon May 10 09:55:34 PDT 2021,51,BatchId:4436912;OriginalHitTemplateId:928390922;,300,259200,Mon May 17 09:55:34 PDT 2021,,,3RGU30DZTINP6KDC22LTRMXFSY0JMK,AGSSNWV6IXW5D,Submitted,Mon May 10 10:02:18 PDT 2021,Mon May 10 10:03:18 PDT 2021,Thu May 13 10:03:18 PDT 2021,,,,60,0% (0/0),0% (0/0),0% (0/0),https://www.cs.umb.edu/~fundad/drives/picking_neutral.mp4,3,,,
3MGHRFQY3S4FCB4A9VTWES93R16Y0S,32CVJ4DS87AKBZOS25MBBTDANR6VKA,Virtual Character Motion Comparison,Rate the similarity of the movements of the two side-by-side virtual characters,"video, comparison, virtual character animation",$0.05 ,Mon May 10 09:55:34 PDT 2021,51,BatchId:4436912;OriginalHitTemplateId:928390922;,300,259200,Mon May 17 09:55:34 PDT 2021,,,3TOK3KHVJ1XKMSXME9B9G0HBW3EO7W,AHZ08BLAUVT5I,Submitted,Mon May 10 09:57:27 PDT 2021,Mon May 10 09:58:10 PDT 2021,Thu May 13 09:58:10 PDT 2021,,,,43,100% (13/13),0% (0/0),0% (0/0),https://www.cs.umb.edu/~fundad/drives/picking_neutral.mp4,4,,,
3MGHRFQY3S4FCB4A9VTWES93R16Y0S,32CVJ4DS87AKBZOS25MBBTDANR6VKA,Virtual Character Motion Comparison,Rate the similarity of the movements of the two side-by-side virtual characters,"video, comparison, virtual character animation",$0.05 ,Mon May 10 09:55:34 PDT 2021,51,BatchId:4436912;OriginalHitTemplateId:928390922;,300,259200,Mon May 17 09:55:34 PDT 2021,,,3TOK3KHVJ1XKMSXME9B9G0HBW3IO70,AK8WZAFALWBAO,Submitted,Mon May 10 10:12:14 PDT 2021,Mon May 10 10:12:39 PDT 2021,Thu May 13 10:12:39 PDT 2021,,,,25,0% (0/0),0% (0/0),0% (0/0),https://www.cs.umb.edu/~fundad/drives/picking_neutral.mp4,3,,,
3MGHRFQY3S4FCB4A9VTWES93R16Y0S,32CVJ4DS87AKBZOS25MBBTDANR6VKA,Virtual Character Motion Comparison,Rate the similarity of the movements of the two side-by-side virtual characters,"video, comparison, virtual character animation",$0.05 ,Mon May 10 09:55:34 PDT 2021,51,BatchId:4436912;OriginalHitTemplateId:928390922;,300,259200,Mon May 17 09:55:34 PDT 2021,,,3TPWUS5F8HGY3I1KWCAUDGMB0G4CWP,AYW7BQJLFZMOC,Submitted,Mon May 10 09:56:30 PDT 2021,Mon May 10 09:56:37 PDT 2021,Thu May 13 09:56:37 PDT 2021,,,,7,100% (17/17),0% (0/0),0% (0/0),https://www.cs.umb.edu/~fundad/drives/picking_neutral.mp4,4,,,
3MGHRFQY3S4FCB4A9VTWES93R16Y0S,32CVJ4DS87AKBZOS25MBBTDANR6VKA,Virtual Character Motion Comparison,Rate the similarity of the movements of the two side-by-side virtual characters,"video, comparison, virtual character animation",$0.05 ,Mon May 10 09:55:34 PDT 2021,51,BatchId:4436912;OriginalHitTemplateId:928390922;,300,259200,Mon May 17 09:55:34 PDT 2021,,,3TVRFO09GSU6VM0GJUZFIIQ53ROXLJ,A4D99Y82KOLC8,Submitted,Mon May 10 09:59:27 PDT 2021,Mon May 10 09:59:37 PDT 2021,Thu May 13 09:59:37 PDT 2021,,,,10,100% (43/43),0% (0/0),0% (0/0),https://www.cs.umb.edu/~fundad/drives/picking_neutral.mp4,3,,,
3MGHRFQY3S4FCB4A9VTWES93R16Y0S,32CVJ4DS87AKBZOS25MBBTDANR6VKA,Virtual Character Motion Comparison,Rate the similarity of the movements of the two side-by-side virtual characters,"video, comparison, virtual character animation",$0.05 ,Mon May 10 09:55:34 PDT 2021,51,BatchId:4436912;OriginalHitTemplateId:928390922;,300,259200,Mon May 17 09:55:34 PDT 2021,,,3V0Z7YWSI6F8QB9D99GSF1UBHGU2V1,A2YI54DHQAQAZX,Submitted,Mon May 10 10:14:56 PDT 2021,Mon May 10 10:16:13 PDT 2021,Thu May 13 10:16:13 PDT 2021,,,,77,0% (0/0),0% (0/0),0% (0/0),https://www.cs.umb.edu/~fundad/drives/picking_neutral.mp4,4,,,
3MGHRFQY3S4FCB4A9VTWES93R16Y0S,32CVJ4DS87AKBZOS25MBBTDANR6VKA,Virtual Character Motion Comparison,Rate the similarity of the movements of the two side-by-side virtual characters,"video, comparison, virtual character animation",$0.05 ,Mon May 10 09:55:34 PDT 2021,51,BatchId:4436912;OriginalHitTemplateId:928390922;,300,259200,Mon May 17 09:55:34 PDT 2021,,,3X08E93BH3XBTMDDV3KNTMVOGS066Q,A22AM327QRSABB,Submitted,Mon May 10 09:56:51 PDT 2021,Mon May 10 09:57:21 PDT 2021,Thu May 13 09:57:21 PDT 2021,,,,30,0% (0/0),0% (0/0),0% (0/0),https://www.cs.umb.edu/~fundad/drives/picking_neutral.mp4,4,,,
3MGHRFQY3S4FCB4A9VTWES93R16Y0S,32CVJ4DS87AKBZOS25MBBTDANR6VKA,Virtual Character Motion Comparison,Rate the similarity of the movements of the two side-by-side virtual characters,"video, comparison, virtual character animation",$0.05 ,Mon May 10 09:55:34 PDT 2021,51,BatchId:4436912;OriginalHitTemplateId:928390922;,300,259200,Mon May 17 09:55:34 PDT 2021,,,3X0H8UUIT93EAZQGTY0USLQTMJRWS4,A1S9MXGZ1677V3,Submitted,Mon May 10 10:02:57 PDT 2021,Mon May 10 10:03:13 PDT 2021,Thu May 13 10:03:13 PDT 2021,,,,16,0% (0/0),0% (0/0),0% (0/0),https://www.cs.umb.edu/~fundad/drives/picking_neutral.mp4,4,,,
3MGHRFQY3S4FCB4A9VTWES93R16Y0S,32CVJ4DS87AKBZOS25MBBTDANR6VKA,Virtual Character Motion Comparison,Rate the similarity of the movements of the two side-by-side virtual characters,"video, comparison, virtual character animation",$0.05 ,Mon May 10 09:55:34 PDT 2021,51,BatchId:4436912;OriginalHitTemplateId:928390922;,300,259200,Mon May 17 09:55:34 PDT 2021,,,3XLBSAQ9ZCRWLWBTGIMQWYOFG7H7ZH,A4J4GGMKJ68L0,Submitted,Mon May 10 09:55:51 PDT 2021,Mon May 10 09:57:40 PDT 2021,Thu May 13 09:57:40 PDT 2021,,,,109,100% (3/3),0% (0/0),0% (0/0),https://www.cs.umb.edu/~fundad/drives/picking_neutral.mp4,4,,,
3MGHRFQY3S4FCB4A9VTWES93R16Y0S,32CVJ4DS87AKBZOS25MBBTDANR6VKA,Virtual Character Motion Comparison,Rate the similarity of the movements of the two side-by-side virtual characters,"video, comparison, virtual character animation",$0.05 ,Mon May 10 09:55:34 PDT 2021,51,BatchId:4436912;OriginalHitTemplateId:928390922;,300,259200,Mon May 17 09:55:34 PDT 2021,,,3XM0HYN6NSENG7OXGH2UBAEISVHEPS,A2IG6D2UY3XUXN,Submitted,Mon May 10 10:09:41 PDT 2021,Mon May 10 10:11:23 PDT 2021,Thu May 13 10:11:23 PDT 2021,,,,102,100% (45/45),0% (0/0),0% (0/0),https://www.cs.umb.edu/~fundad/drives/picking_neutral.mp4,3,,,
3MGHRFQY3S4FCB4A9VTWES93R16Y0S,32CVJ4DS87AKBZOS25MBBTDANR6VKA,Virtual Character Motion Comparison,Rate the similarity of the movements of the two side-by-side virtual characters,"video, comparison, virtual character animation",$0.05 ,Mon May 10 09:55:34 PDT 2021,51,BatchId:4436912;OriginalHitTemplateId:928390922;,300,259200,Mon May 17 09:55:34 PDT 2021,,,3Y4W8Q93L7ZVTL7T6Y09BKLFE7DVDX,A3A7HDHB9NTFGR,Submitted,Mon May 10 09:56:42 PDT 2021,Mon May 10 09:56:52 PDT 2021,Thu May 13 09:56:52 PDT 2021,,,,10,0% (0/0),0% (0/0),0% (0/0),https://www.cs.umb.edu/~fundad/drives/picking_neutral.mp4,4,,,
3MGHRFQY3S4FCB4A9VTWES93R16Y0S,32CVJ4DS87AKBZOS25MBBTDANR6VKA,Virtual Character Motion Comparison,Rate the similarity of the movements of the two side-by-side virtual characters,"video, comparison, virtual character animation",$0.05 ,Mon May 10 09:55:34 PDT 2021,51,BatchId:4436912;OriginalHitTemplateId:928390922;,300,259200,Mon May 17 09:55:34 PDT 2021,,,3ZWFC4W1U2M0YY48OKQPYNZX5EHFR0,ABBHVKPQIC5PV,Submitted,Mon May 10 09:56:20 PDT 2021,Mon May 10 09:56:32 PDT 2021,Thu May 13 09:56:32 PDT 2021,,,,12,100% (40/40),0% (0/0),0% (0/0),https://www.cs.umb.edu/~fundad/drives/picking_neutral.mp4,3,,3.68627451,0.509517265
3JGHED38FK6TUM4UUUE5T7JQZFD7Y2,32CVJ4DS87AKBZOS25MBBTDANR6VKA,Virtual Character Motion Comparison,Rate the similarity of the movements of the two side-by-side virtual characters,"video, comparison, virtual character animation",$0.05 ,Mon May 10 09:55:34 PDT 2021,51,BatchId:4436912;OriginalHitTemplateId:928390922;,300,259200,Mon May 17 09:55:34 PDT 2021,,,308Q0PEVBGSE4PACVBWOAZCVFK49IZ,AQ5H9HKYEGCXA,Submitted,Mon May 10 10:02:06 PDT 2021,Mon May 10 10:03:13 PDT 2021,Thu May 13 10:03:13 PDT 2021,,,,67,0% (0/0),0% (0/0),0% (0/0),https://www.cs.umb.edu/~fundad/drives/pointing_neutral.mp4,4,,3.745098039,0.523187815
3JGHED38FK6TUM4UUUE5T7JQZFD7Y2,32CVJ4DS87AKBZOS25MBBTDANR6VKA,Virtual Character Motion Comparison,Rate the similarity of the movements of the two side-by-side virtual characters,"video, comparison, virtual character animation",$0.05 ,Mon May 10 09:55:34 PDT 2021,51,BatchId:4436912;OriginalHitTemplateId:928390922;,300,259200,Mon May 17 09:55:34 PDT 2021,,,31JLPPHS2292L9WZCX8J3J5VR1T3O7,A31A74MWKPUJC9,Submitted,Mon May 10 10:01:12 PDT 2021,Mon May 10 10:01:42 PDT 2021,Thu May 13 10:01:42 PDT 2021,,,,30,0% (0/0),0% (0/0),0% (0/0),https://www.cs.umb.edu/~fundad/drives/pointing_neutral.mp4,4,,3.450980392,0.64229979
3JGHED38FK6TUM4UUUE5T7JQZFD7Y2,32CVJ4DS87AKBZOS25MBBTDANR6VKA,Virtual Character Motion Comparison,Rate the similarity of the movements of the two side-by-side virtual characters,"video, comparison, virtual character animation",$0.05 ,Mon May 10 09:55:34 PDT 2021,51,BatchId:4436912;OriginalHitTemplateId:928390922;,300,259200,Mon May 17 09:55:34 PDT 2021,,,32N49TQG3OXXVE4HMO97LJD9T4GVAV,A2UETT92P31OCW,Submitted,Mon May 10 09:55:51 PDT 2021,Mon May 10 09:56:52 PDT 2021,Thu May 13 09:56:52 PDT 2021,,,,61,0% (0/0),0% (0/0),0% (0/0),https://www.cs.umb.edu/~fundad/drives/pointing_neutral.mp4,4,,,
3JGHED38FK6TUM4UUUE5T7JQZFD7Y2,32CVJ4DS87AKBZOS25MBBTDANR6VKA,Virtual Character Motion Comparison,Rate the similarity of the movements of the two side-by-side virtual characters,"video, comparison, virtual character animation",$0.05 ,Mon May 10 09:55:34 PDT 2021,51,BatchId:4436912;OriginalHitTemplateId:928390922;,300,259200,Mon May 17 09:55:34 PDT 2021,,,32Q90QCQ100M5GRH3PXMFTSJYL9KEV,A1S9MXGZ1677V3,Submitted,Mon May 10 10:03:14 PDT 2021,Mon May 10 10:03:52 PDT 2021,Thu May 13 10:03:52 PDT 2021,,,,38,0% (0/0),0% (0/0),0% (0/0),https://www.cs.umb.edu/~fundad/drives/pointing_neutral.mp4,4,,,
3JGHED38FK6TUM4UUUE5T7JQZFD7Y2,32CVJ4DS87AKBZOS25MBBTDANR6VKA,Virtual Character Motion Comparison,Rate the similarity of the movements of the two side-by-side virtual characters,"video, comparison, virtual character animation",$0.05 ,Mon May 10 09:55:34 PDT 2021,51,BatchId:4436912;OriginalHitTemplateId:928390922;,300,259200,Mon May 17 09:55:34 PDT 2021,,,32SCWG5HIPJJ3SVIAZJWZMM5BXQ6PW,A1PZB4LFA0QI45,Submitted,Mon May 10 09:57:18 PDT 2021,Mon May 10 09:57:37 PDT 2021,Thu May 13 09:57:37 PDT 2021,,,,19,0% (0/0),0% (0/0),0% (0/0),https://www.cs.umb.edu/~fundad/drives/pointing_neutral.mp4,3,,,
3JGHED38FK6TUM4UUUE5T7JQZFD7Y2,32CVJ4DS87AKBZOS25MBBTDANR6VKA,Virtual Character Motion Comparison,Rate the similarity of the movements of the two side-by-side virtual characters,"video, comparison, virtual character animation",$0.05 ,Mon May 10 09:55:34 PDT 2021,51,BatchId:4436912;OriginalHitTemplateId:928390922;,300,259200,Mon May 17 09:55:34 PDT 2021,,,33FOTY3KEU052HLHZOL9KQWH43VC1Q,A22AM327QRSABB,Submitted,Mon May 10 09:57:22 PDT 2021,Mon May 10 09:59:12 PDT 2021,Thu May 13 09:59:12 PDT 2021,,,,110,0% (0/0),0% (0/0),0% (0/0),https://www.cs.umb.edu/~fundad/drives/pointing_neutral.mp4,4,,,
3JGHED38FK6TUM4UUUE5T7JQZFD7Y2,32CVJ4DS87AKBZOS25MBBTDANR6VKA,Virtual Character Motion Comparison,Rate the similarity of the movements of the two side-by-side virtual characters,"video, comparison, virtual character animation",$0.05 ,Mon May 10 09:55:34 PDT 2021,51,BatchId:4436912;OriginalHitTemplateId:928390922;,300,259200,Mon May 17 09:55:34 PDT 2021,,,3570Y55XZXYF9ZCPDZO1O4S69GZGY5,A3KED8NFUJ4PVR,Submitted,Mon May 10 10:09:55 PDT 2021,Mon May 10 10:10:08 PDT 2021,Thu May 13 10:10:08 PDT 2021,,,,13,0% (0/0),0% (0/0),0% (0/0),https://www.cs.umb.edu/~fundad/drives/pointing_neutral.mp4,4,,,
3JGHED38FK6TUM4UUUE5T7JQZFD7Y2,32CVJ4DS87AKBZOS25MBBTDANR6VKA,Virtual Character Motion Comparison,Rate the similarity of the movements of the two side-by-side virtual characters,"video, comparison, virtual character animation",$0.05 ,Mon May 10 09:55:34 PDT 2021,51,BatchId:4436912;OriginalHitTemplateId:928390922;,300,259200,Mon May 17 09:55:34 PDT 2021,,,37U1UTWH931RJJULG6KJOVIBIA48RC,AT9UG11XAEDZL,Submitted,Mon May 10 09:56:43 PDT 2021,Mon May 10 09:57:03 PDT 2021,Thu May 13 09:57:03 PDT 2021,,,,20,0% (0/0),0% (0/0),0% (0/0),https://www.cs.umb.edu/~fundad/drives/pointing_neutral.mp4,4,,,
3JGHED38FK6TUM4UUUE5T7JQZFD7Y2,32CVJ4DS87AKBZOS25MBBTDANR6VKA,Virtual Character Motion Comparison,Rate the similarity of the movements of the two side-by-side virtual characters,"video, comparison, virtual character animation",$0.05 ,Mon May 10 09:55:34 PDT 2021,51,BatchId:4436912;OriginalHitTemplateId:928390922;,300,259200,Mon May 17 09:55:34 PDT 2021,,,386PBUZZXNC502VR2QKER9IQSTAJLI,AGSSNWV6IXW5D,Submitted,Mon May 10 10:02:18 PDT 2021,Mon May 10 10:03:04 PDT 2021,Thu May 13 10:03:04 PDT 2021,,,,46,0% (0/0),0% (0/0),0% (0/0),https://www.cs.umb.edu/~fundad/drives/pointing_neutral.mp4,3,,,
3JGHED38FK6TUM4UUUE5T7JQZFD7Y2,32CVJ4DS87AKBZOS25MBBTDANR6VKA,Virtual Character Motion Comparison,Rate the similarity of the movements of the two side-by-side virtual characters,"video, comparison, virtual character animation",$0.05 ,Mon May 10 09:55:34 PDT 2021,51,BatchId:4436912;OriginalHitTemplateId:928390922;,300,259200,Mon May 17 09:55:34 PDT 2021,,,38F71OA9G1B91IRGJCU8CO5NZRIFMC,A2MRHI9MYSZ37U,Submitted,Mon May 10 09:56:10 PDT 2021,Mon May 10 09:56:30 PDT 2021,Thu May 13 09:56:30 PDT 2021,,,,20,0% (0/0),0% (0/0),0% (0/0),https://www.cs.umb.edu/~fundad/drives/pointing_neutral.mp4,4,,,
3JGHED38FK6TUM4UUUE5T7JQZFD7Y2,32CVJ4DS87AKBZOS25MBBTDANR6VKA,Virtual Character Motion Comparison,Rate the similarity of the movements of the two side-by-side virtual characters,"video, comparison, virtual character animation",$0.05 ,Mon May 10 09:55:34 PDT 2021,51,BatchId:4436912;OriginalHitTemplateId:928390922;,300,259200,Mon May 17 09:55:34 PDT 2021,,,39DD6S19JXQHUBQ33Q0W28GW2UMZEW,A1LDS7OIWQ150C,Submitted,Mon May 10 10:03:09 PDT 2021,Mon May 10 10:03:37 PDT 2021,Thu May 13 10:03:37 PDT 2021,,,,28,100% (60/60),0% (0/0),0% (0/0),https://www.cs.umb.edu/~fundad/drives/pointing_neutral.mp4,4,,,
3JGHED38FK6TUM4UUUE5T7JQZFD7Y2,32CVJ4DS87AKBZOS25MBBTDANR6VKA,Virtual Character Motion Comparison,Rate the similarity of the movements of the two side-by-side virtual characters,"video, comparison, virtual character animation",$0.05 ,Mon May 10 09:55:34 PDT 2021,51,BatchId:4436912;OriginalHitTemplateId:928390922;,300,259200,Mon May 17 09:55:34 PDT 2021,,,39JEC75372GLOT1F625YRE3XT72VCY,A9ZM1P6LBW79,Submitted,Mon May 10 09:59:45 PDT 2021,Mon May 10 10:00:30 PDT 2021,Thu May 13 10:00:30 PDT 2021,,,,45,0% (0/0),0% (0/0),0% (0/0),https://www.cs.umb.edu/~fundad/drives/pointing_neutral.mp4,4,,,
3JGHED38FK6TUM4UUUE5T7JQZFD7Y2,32CVJ4DS87AKBZOS25MBBTDANR6VKA,Virtual Character Motion Comparison,Rate the similarity of the movements of the two side-by-side virtual characters,"video, comparison, virtual character animation",$0.05 ,Mon May 10 09:55:34 PDT 2021,51,BatchId:4436912;OriginalHitTemplateId:928390922;,300,259200,Mon May 17 09:55:34 PDT 2021,,,3BWI6RSP7OOYA1KXKV8DBONXS1CE7M,A3L7TVDAMZM0FG,Submitted,Mon May 10 10:12:37 PDT 2021,Mon May 10 10:13:21 PDT 2021,Thu May 13 10:13:21 PDT 2021,,,,44,0% (0/0),0% (0/0),0% (0/0),https://www.cs.umb.edu/~fundad/drives/pointing_neutral.mp4,4,,,
3JGHED38FK6TUM4UUUE5T7JQZFD7Y2,32CVJ4DS87AKBZOS25MBBTDANR6VKA,Virtual Character Motion Comparison,Rate the similarity of the movements of the two side-by-side virtual characters,"video, comparison, virtual character animation",$0.05 ,Mon May 10 09:55:34 PDT 2021,51,BatchId:4436912;OriginalHitTemplateId:928390922;,300,259200,Mon May 17 09:55:34 PDT 2021,,,3D4CH1LGEI808Y4H5NWLPNZF07E9G9,A2IG6D2UY3XUXN,Submitted,Mon May 10 10:09:40 PDT 2021,Mon May 10 10:10:52 PDT 2021,Thu May 13 10:10:52 PDT 2021,,,,72,100% (45/45),0% (0/0),0% (0/0),https://www.cs.umb.edu/~fundad/drives/pointing_neutral.mp4,4,,,
3JGHED38FK6TUM4UUUE5T7JQZFD7Y2,32CVJ4DS87AKBZOS25MBBTDANR6VKA,Virtual Character Motion Comparison,Rate the similarity of the movements of the two side-by-side virtual characters,"video, comparison, virtual character animation",$0.05 ,Mon May 10 09:55:34 PDT 2021,51,BatchId:4436912;OriginalHitTemplateId:928390922;,300,259200,Mon May 17 09:55:34 PDT 2021,,,3DHE4R9OC4QP8EJIKEH6F0R1U11G2L,AKH0WFAUBUKUS,Submitted,Mon May 10 09:57:03 PDT 2021,Mon May 10 09:57:45 PDT 2021,Thu May 13 09:57:45 PDT 2021,,,,42,0% (0/0),0% (0/0),0% (0/0),https://www.cs.umb.edu/~fundad/drives/pointing_neutral.mp4,4,,,
3JGHED38FK6TUM4UUUE5T7JQZFD7Y2,32CVJ4DS87AKBZOS25MBBTDANR6VKA,Virtual Character Motion Comparison,Rate the similarity of the movements of the two side-by-side virtual characters,"video, comparison, virtual character animation",$0.05 ,Mon May 10 09:55:34 PDT 2021,51,BatchId:4436912;OriginalHitTemplateId:928390922;,300,259200,Mon May 17 09:55:34 PDT 2021,,,3EF8EXOTT9ASAVRN9G2V7U9CUN6J1D,A3EM9OBO5KU9GG,Submitted,Mon May 10 10:06:18 PDT 2021,Mon May 10 10:06:44 PDT 2021,Thu May 13 10:06:44 PDT 2021,,,,26,100% (56/56),0% (0/0),0% (0/0),https://www.cs.umb.edu/~fundad/drives/pointing_neutral.mp4,4,,,
3JGHED38FK6TUM4UUUE5T7JQZFD7Y2,32CVJ4DS87AKBZOS25MBBTDANR6VKA,Virtual Character Motion Comparison,Rate the similarity of the movements of the two side-by-side virtual characters,"video, comparison, virtual character animation",$0.05 ,Mon May 10 09:55:34 PDT 2021,51,BatchId:4436912;OriginalHitTemplateId:928390922;,300,259200,Mon May 17 09:55:34 PDT 2021,,,3EFE17QCRKKWD9VRYZEURIG67VDHSO,A14N7TK3CEQVAE,Submitted,Mon May 10 09:58:03 PDT 2021,Mon May 10 09:58:30 PDT 2021,Thu May 13 09:58:30 PDT 2021,,,,27,0% (0/0),0% (0/0),0% (0/0),https://www.cs.umb.edu/~fundad/drives/pointing_neutral.mp4,4,,,
3JGHED38FK6TUM4UUUE5T7JQZFD7Y2,32CVJ4DS87AKBZOS25MBBTDANR6VKA,Virtual Character Motion Comparison,Rate the similarity of the movements of the two side-by-side virtual characters,"video, comparison, virtual character animation",$0.05 ,Mon May 10 09:55:34 PDT 2021,51,BatchId:4436912;OriginalHitTemplateId:928390922;,300,259200,Mon May 17 09:55:34 PDT 2021,,,3EJJQNKU9ZKKCUVEJAEP18BALTVRHB,A2EF88OYJ2OX19,Submitted,Mon May 10 10:02:28 PDT 2021,Mon May 10 10:04:27 PDT 2021,Thu May 13 10:04:27 PDT 2021,,,,119,0% (0/0),0% (0/0),0% (0/0),https://www.cs.umb.edu/~fundad/drives/pointing_neutral.mp4,4,,,
3JGHED38FK6TUM4UUUE5T7JQZFD7Y2,32CVJ4DS87AKBZOS25MBBTDANR6VKA,Virtual Character Motion Comparison,Rate the similarity of the movements of the two side-by-side virtual characters,"video, comparison, virtual character animation",$0.05 ,Mon May 10 09:55:34 PDT 2021,51,BatchId:4436912;OriginalHitTemplateId:928390922;,300,259200,Mon May 17 09:55:34 PDT 2021,,,3EJPLAJKEUVDHWXOX8HYQKOJLWXZ6A,A329CKW65AYB5K,Submitted,Mon May 10 09:58:19 PDT 2021,Mon May 10 09:58:42 PDT 2021,Thu May 13 09:58:42 PDT 2021,,,,23,0% (0/0),0% (0/0),0% (0/0),https://www.cs.umb.edu/~fundad/drives/pointing_neutral.mp4,4,,,
3JGHED38FK6TUM4UUUE5T7JQZFD7Y2,32CVJ4DS87AKBZOS25MBBTDANR6VKA,Virtual Character Motion Comparison,Rate the similarity of the movements of the two side-by-side virtual characters,"video, comparison, virtual character animation",$0.05 ,Mon May 10 09:55:34 PDT 2021,51,BatchId:4436912;OriginalHitTemplateId:928390922;,300,259200,Mon May 17 09:55:34 PDT 2021,,,3FE2ERCCZ5N9SY1MAV5QGM8WWXLPO5,AKXJDNVRKOMKM,Submitted,Mon May 10 10:02:57 PDT 2021,Mon May 10 10:03:32 PDT 2021,Thu May 13 10:03:32 PDT 2021,,,,35,0% (0/0),0% (0/0),0% (0/0),https://www.cs.umb.edu/~fundad/drives/pointing_neutral.mp4,3,,,
3JGHED38FK6TUM4UUUE5T7JQZFD7Y2,32CVJ4DS87AKBZOS25MBBTDANR6VKA,Virtual Character Motion Comparison,Rate the similarity of the movements of the two side-by-side virtual characters,"video, comparison, virtual character animation",$0.05 ,Mon May 10 09:55:34 PDT 2021,51,BatchId:4436912;OriginalHitTemplateId:928390922;,300,259200,Mon May 17 09:55:34 PDT 2021,,,3FE7TXL1LQ2GL3DWNAMI9EV30OA2Q2,AHZ08BLAUVT5I,Submitted,Mon May 10 09:56:43 PDT 2021,Mon May 10 09:57:06 PDT 2021,Thu May 13 09:57:06 PDT 2021,,,,23,100% (13/13),0% (0/0),0% (0/0),https://www.cs.umb.edu/~fundad/drives/pointing_neutral.mp4,4,,,
3JGHED38FK6TUM4UUUE5T7JQZFD7Y2,32CVJ4DS87AKBZOS25MBBTDANR6VKA,Virtual Character Motion Comparison,Rate the similarity of the movements of the two side-by-side virtual characters,"video, comparison, virtual character animation",$0.05 ,Mon May 10 09:55:34 PDT 2021,51,BatchId:4436912;OriginalHitTemplateId:928390922;,300,259200,Mon May 17 09:55:34 PDT 2021,,,3FPRZHYEP6MXBT5WD9UXYBZ3NUQV31,A3F51C49T9A34D,Submitted,Mon May 10 10:04:17 PDT 2021,Mon May 10 10:08:04 PDT 2021,Thu May 13 10:08:04 PDT 2021,,,,227,0% (0/0),0% (0/0),0% (0/0),https://www.cs.umb.edu/~fundad/drives/pointing_neutral.mp4,4,,,
3JGHED38FK6TUM4UUUE5T7JQZFD7Y2,32CVJ4DS87AKBZOS25MBBTDANR6VKA,Virtual Character Motion Comparison,Rate the similarity of the movements of the two side-by-side virtual characters,"video, comparison, virtual character animation",$0.05 ,Mon May 10 09:55:34 PDT 2021,51,BatchId:4436912;OriginalHitTemplateId:928390922;,300,259200,Mon May 17 09:55:34 PDT 2021,,,3FQ5JJ512T3QZM4UWO055GMSCD9NKM,AE62GL4CCNGDS,Submitted,Mon May 10 09:57:06 PDT 2021,Mon May 10 09:59:02 PDT 2021,Thu May 13 09:59:02 PDT 2021,,,,116,0% (0/0),0% (0/0),0% (0/0),https://www.cs.umb.edu/~fundad/drives/pointing_neutral.mp4,4,,,
3JGHED38FK6TUM4UUUE5T7JQZFD7Y2,32CVJ4DS87AKBZOS25MBBTDANR6VKA,Virtual Character Motion Comparison,Rate the similarity of the movements of the two side-by-side virtual characters,"video, comparison, virtual character animation",$0.05 ,Mon May 10 09:55:34 PDT 2021,51,BatchId:4436912;OriginalHitTemplateId:928390922;,300,259200,Mon May 17 09:55:34 PDT 2021,,,3GDTJDAPV2Q0M3HTBYO22WO1CN58MO,A3A7HDHB9NTFGR,Submitted,Mon May 10 09:56:34 PDT 2021,Mon May 10 09:56:41 PDT 2021,Thu May 13 09:56:41 PDT 2021,,,,7,0% (0/0),0% (0/0),0% (0/0),https://www.cs.umb.edu/~fundad/drives/pointing_neutral.mp4,4,,,
3JGHED38FK6TUM4UUUE5T7JQZFD7Y2,32CVJ4DS87AKBZOS25MBBTDANR6VKA,Virtual Character Motion Comparison,Rate the similarity of the movements of the two side-by-side virtual characters,"video, comparison, virtual character animation",$0.05 ,Mon May 10 09:55:34 PDT 2021,51,BatchId:4436912;OriginalHitTemplateId:928390922;,300,259200,Mon May 17 09:55:34 PDT 2021,,,3I33IC7ZWNHOYN6FYEPWJEGYW6P2AW,A4D99Y82KOLC8,Submitted,Mon May 10 09:59:43 PDT 2021,Mon May 10 09:59:48 PDT 2021,Thu May 13 09:59:48 PDT 2021,,,,5,100% (43/43),0% (0/0),0% (0/0),https://www.cs.umb.edu/~fundad/drives/pointing_neutral.mp4,3,,,
3JGHED38FK6TUM4UUUE5T7JQZFD7Y2,32CVJ4DS87AKBZOS25MBBTDANR6VKA,Virtual Character Motion Comparison,Rate the similarity of the movements of the two side-by-side virtual characters,"video, comparison, virtual character animation",$0.05 ,Mon May 10 09:55:34 PDT 2021,51,BatchId:4436912;OriginalHitTemplateId:928390922;,300,259200,Mon May 17 09:55:34 PDT 2021,,,3IO1LGZLKHCYX0W1OIHLD0RFMNQ86E,A1JCKICNOC7DAB,Submitted,Mon May 10 09:56:05 PDT 2021,Mon May 10 09:56:28 PDT 2021,Thu May 13 09:56:28 PDT 2021,,,,23,0% (0/0),0% (0/0),0% (0/0),https://www.cs.umb.edu/~fundad/drives/pointing_neutral.mp4,4,,,
3JGHED38FK6TUM4UUUE5T7JQZFD7Y2,32CVJ4DS87AKBZOS25MBBTDANR6VKA,Virtual Character Motion Comparison,Rate the similarity of the movements of the two side-by-side virtual characters,"video, comparison, virtual character animation",$0.05 ,Mon May 10 09:55:34 PDT 2021,51,BatchId:4436912;OriginalHitTemplateId:928390922;,300,259200,Mon May 17 09:55:34 PDT 2021,,,3J4Q2Z4UT6I2XJB31UBPXLBS4V5WQE,AKSJ3C5O3V9RB,Submitted,Mon May 10 09:58:50 PDT 2021,Mon May 10 09:59:56 PDT 2021,Thu May 13 09:59:56 PDT 2021,,,,66,0% (0/0),0% (0/0),0% (0/0),https://www.cs.umb.edu/~fundad/drives/pointing_neutral.mp4,3,,,
3JGHED38FK6TUM4UUUE5T7JQZFD7Y2,32CVJ4DS87AKBZOS25MBBTDANR6VKA,Virtual Character Motion Comparison,Rate the similarity of the movements of the two side-by-side virtual characters,"video, comparison, virtual character animation",$0.05 ,Mon May 10 09:55:34 PDT 2021,51,BatchId:4436912;OriginalHitTemplateId:928390922;,300,259200,Mon May 17 09:55:34 PDT 2021,,,3JJVG1YBEJCLGUUUMBRQCW3GYY3B53,A3OCXE2VIIRSVH,Submitted,Mon May 10 10:09:19 PDT 2021,Mon May 10 10:09:50 PDT 2021,Thu May 13 10:09:50 PDT 2021,,,,31,0% (0/0),0% (0/0),0% (0/0),https://www.cs.umb.edu/~fundad/drives/pointing_neutral.mp4,4,,,
3JGHED38FK6TUM4UUUE5T7JQZFD7Y2,32CVJ4DS87AKBZOS25MBBTDANR6VKA,Virtual Character Motion Comparison,Rate the similarity of the movements of the two side-by-side virtual characters,"video, comparison, virtual character animation",$0.05 ,Mon May 10 09:55:34 PDT 2021,51,BatchId:4436912;OriginalHitTemplateId:928390922;,300,259200,Mon May 17 09:55:34 PDT 2021,,,3JNQLM5FTC15U6XJV5EMSSW9QIO2LE,AXHPEZP1OEK7J,Submitted,Mon May 10 09:59:54 PDT 2021,Mon May 10 10:00:41 PDT 2021,Thu May 13 10:00:41 PDT 2021,,,,47,0% (0/0),0% (0/0),0% (0/0),https://www.cs.umb.edu/~fundad/drives/pointing_neutral.mp4,4,,,
3JGHED38FK6TUM4UUUE5T7JQZFD7Y2,32CVJ4DS87AKBZOS25MBBTDANR6VKA,Virtual Character Motion Comparison,Rate the similarity of the movements of the two side-by-side virtual characters,"video, comparison, virtual character animation",$0.05 ,Mon May 10 09:55:34 PDT 2021,51,BatchId:4436912;OriginalHitTemplateId:928390922;,300,259200,Mon May 17 09:55:34 PDT 2021,,,3M0BCWMB83BFTD9EICEZ2WGTIV4WB2,A1W7L2G03DMKTH,Submitted,Mon May 10 09:58:16 PDT 2021,Mon May 10 09:58:31 PDT 2021,Thu May 13 09:58:31 PDT 2021,,,,15,0% (0/0),0% (0/0),0% (0/0),https://www.cs.umb.edu/~fundad/drives/pointing_neutral.mp4,4,,,
3JGHED38FK6TUM4UUUE5T7JQZFD7Y2,32CVJ4DS87AKBZOS25MBBTDANR6VKA,Virtual Character Motion Comparison,Rate the similarity of the movements of the two side-by-side virtual characters,"video, comparison, virtual character animation",$0.05 ,Mon May 10 09:55:34 PDT 2021,51,BatchId:4436912;OriginalHitTemplateId:928390922;,300,259200,Mon May 17 09:55:34 PDT 2021,,,3MX2NQ3YCH9STXXVR7J81TU8H1O5X3,A6YDORFZZXXPQ,Submitted,Mon May 10 09:56:50 PDT 2021,Mon May 10 09:57:02 PDT 2021,Thu May 13 09:57:02 PDT 2021,,,,12,0% (0/0),0% (0/0),0% (0/0),https://www.cs.umb.edu/~fundad/drives/pointing_neutral.mp4,4,,,
3JGHED38FK6TUM4UUUE5T7JQZFD7Y2,32CVJ4DS87AKBZOS25MBBTDANR6VKA,Virtual Character Motion Comparison,Rate the similarity of the movements of the two side-by-side virtual characters,"video, comparison, virtual character animation",$0.05 ,Mon May 10 09:55:34 PDT 2021,51,BatchId:4436912;OriginalHitTemplateId:928390922;,300,259200,Mon May 17 09:55:34 PDT 2021,,,3NQL1CS15ZNYRW2K2UNNO5VGWVMVY8,A3I9CPE69O3INJ,Submitted,Mon May 10 10:08:33 PDT 2021,Mon May 10 10:08:54 PDT 2021,Thu May 13 10:08:54 PDT 2021,,,,21,0% (0/0),0% (0/0),0% (0/0),https://www.cs.umb.edu/~fundad/drives/pointing_neutral.mp4,4,,,
3JGHED38FK6TUM4UUUE5T7JQZFD7Y2,32CVJ4DS87AKBZOS25MBBTDANR6VKA,Virtual Character Motion Comparison,Rate the similarity of the movements of the two side-by-side virtual characters,"video, comparison, virtual character animation",$0.05 ,Mon May 10 09:55:34 PDT 2021,51,BatchId:4436912;OriginalHitTemplateId:928390922;,300,259200,Mon May 17 09:55:34 PDT 2021,,,3NVC2EB65YEEFN01IKHH5A3X5BQY3B,A2VO8C41JJIQY9,Submitted,Mon May 10 09:56:21 PDT 2021,Mon May 10 09:56:29 PDT 2021,Thu May 13 09:56:29 PDT 2021,,,,8,100% (36/36),0% (0/0),0% (0/0),https://www.cs.umb.edu/~fundad/drives/pointing_neutral.mp4,4,,,
3JGHED38FK6TUM4UUUE5T7JQZFD7Y2,32CVJ4DS87AKBZOS25MBBTDANR6VKA,Virtual Character Motion Comparison,Rate the similarity of the movements of the two side-by-side virtual characters,"video, comparison, virtual character animation",$0.05 ,Mon May 10 09:55:34 PDT 2021,51,BatchId:4436912;OriginalHitTemplateId:928390922;,300,259200,Mon May 17 09:55:34 PDT 2021,,,3OB0CAO74P4T9V70X56J9447OG9HY2,AYW7BQJLFZMOC,Submitted,Mon May 10 09:56:23 PDT 2021,Mon May 10 09:56:30 PDT 2021,Thu May 13 09:56:30 PDT 2021,,,,7,100% (17/17),0% (0/0),0% (0/0),https://www.cs.umb.edu/~fundad/drives/pointing_neutral.mp4,4,,,
3JGHED38FK6TUM4UUUE5T7JQZFD7Y2,32CVJ4DS87AKBZOS25MBBTDANR6VKA,Virtual Character Motion Comparison,Rate the similarity of the movements of the two side-by-side virtual characters,"video, comparison, virtual character animation",$0.05 ,Mon May 10 09:55:34 PDT 2021,51,BatchId:4436912;OriginalHitTemplateId:928390922;,300,259200,Mon May 17 09:55:34 PDT 2021,,,3OLF68YTNHG8ZHIRM9433XAN5ATFAS,ABBHVKPQIC5PV,Submitted,Mon May 10 09:55:56 PDT 2021,Mon May 10 09:56:10 PDT 2021,Thu May 13 09:56:10 PDT 2021,,,,14,100% (40/40),0% (0/0),0% (0/0),https://www.cs.umb.edu/~fundad/drives/pointing_neutral.mp4,2,,,
3JGHED38FK6TUM4UUUE5T7JQZFD7Y2,32CVJ4DS87AKBZOS25MBBTDANR6VKA,Virtual Character Motion Comparison,Rate the similarity of the movements of the two side-by-side virtual characters,"video, comparison, virtual character animation",$0.05 ,Mon May 10 09:55:34 PDT 2021,51,BatchId:4436912;OriginalHitTemplateId:928390922;,300,259200,Mon May 17 09:55:34 PDT 2021,,,3PM8NZGV86VHMJGTBZ7BZ4PZDXFQX5,AK8WZAFALWBAO,Submitted,Mon May 10 10:12:40 PDT 2021,Mon May 10 10:13:07 PDT 2021,Thu May 13 10:13:07 PDT 2021,,,,27,0% (0/0),0% (0/0),0% (0/0),https://www.cs.umb.edu/~fundad/drives/pointing_neutral.mp4,4,,,
3JGHED38FK6TUM4UUUE5T7JQZFD7Y2,32CVJ4DS87AKBZOS25MBBTDANR6VKA,Virtual Character Motion Comparison,Rate the similarity of the movements of the two side-by-side virtual characters,"video, comparison, virtual character animation",$0.05 ,Mon May 10 09:55:34 PDT 2021,51,BatchId:4436912;OriginalHitTemplateId:928390922;,300,259200,Mon May 17 09:55:34 PDT 2021,,,3PQ8K71NH5ZD3Q1JBTIBPWZW8UHAAB,AXAXLC0TXQ0QW,Submitted,Mon May 10 09:59:53 PDT 2021,Mon May 10 10:00:06 PDT 2021,Thu May 13 10:00:06 PDT 2021,,,,13,0% (0/0),0% (0/0),0% (0/0),https://www.cs.umb.edu/~fundad/drives/pointing_neutral.mp4,4,,,
3JGHED38FK6TUM4UUUE5T7JQZFD7Y2,32CVJ4DS87AKBZOS25MBBTDANR6VKA,Virtual Character Motion Comparison,Rate the similarity of the movements of the two side-by-side virtual characters,"video, comparison, virtual character animation",$0.05 ,Mon May 10 09:55:34 PDT 2021,51,BatchId:4436912;OriginalHitTemplateId:928390922;,300,259200,Mon May 17 09:55:34 PDT 2021,,,3QRYMNZ7F6WP25UHQXEX679OVQ0TNY,A1FL53VTH8JPSS,Submitted,Mon May 10 09:58:35 PDT 2021,Mon May 10 09:58:50 PDT 2021,Thu May 13 09:58:50 PDT 2021,,,,15,0% (0/0),0% (0/0),0% (0/0),https://www.cs.umb.edu/~fundad/drives/pointing_neutral.mp4,2,,,
3JGHED38FK6TUM4UUUE5T7JQZFD7Y2,32CVJ4DS87AKBZOS25MBBTDANR6VKA,Virtual Character Motion Comparison,Rate the similarity of the movements of the two side-by-side virtual characters,"video, comparison, virtual character animation",$0.05 ,Mon May 10 09:55:34 PDT 2021,51,BatchId:4436912;OriginalHitTemplateId:928390922;,300,259200,Mon May 17 09:55:34 PDT 2021,,,3SEPORI8WVEE4Y9RNLYA6PQ5HFPAZD,A16J2CW30USNJI,Submitted,Mon May 10 10:04:53 PDT 2021,Mon May 10 10:05:24 PDT 2021,Thu May 13 10:05:24 PDT 2021,,,,31,100% (4/4),0% (0/0),0% (0/0),https://www.cs.umb.edu/~fundad/drives/pointing_neutral.mp4,4,,,
3JGHED38FK6TUM4UUUE5T7JQZFD7Y2,32CVJ4DS87AKBZOS25MBBTDANR6VKA,Virtual Character Motion Comparison,Rate the similarity of the movements of the two side-by-side virtual characters,"video, comparison, virtual character animation",$0.05 ,Mon May 10 09:55:34 PDT 2021,51,BatchId:4436912;OriginalHitTemplateId:928390922;,300,259200,Mon May 17 09:55:34 PDT 2021,,,3TMSXRD2XEFEGFRMGFLAWK3KWJFW1L,AZPJUBGJZ3BT4,Submitted,Mon May 10 10:06:42 PDT 2021,Mon May 10 10:07:31 PDT 2021,Thu May 13 10:07:31 PDT 2021,,,,49,0% (0/0),0% (0/0),0% (0/0),https://www.cs.umb.edu/~fundad/drives/pointing_neutral.mp4,3,,,
3JGHED38FK6TUM4UUUE5T7JQZFD7Y2,32CVJ4DS87AKBZOS25MBBTDANR6VKA,Virtual Character Motion Comparison,Rate the similarity of the movements of the two side-by-side virtual characters,"video, comparison, virtual character animation",$0.05 ,Mon May 10 09:55:34 PDT 2021,51,BatchId:4436912;OriginalHitTemplateId:928390922;,300,259200,Mon May 17 09:55:34 PDT 2021,,,3UOUJI6MTLT9ECNAS8RG95MOGIIXUE,AXHLESLYR86OU,Submitted,Mon May 10 10:04:31 PDT 2021,Mon May 10 10:05:43 PDT 2021,Thu May 13 10:05:43 PDT 2021,,,,72,100% (43/43),0% (0/0),0% (0/0),https://www.cs.umb.edu/~fundad/drives/pointing_neutral.mp4,4,,,
3JGHED38FK6TUM4UUUE5T7JQZFD7Y2,32CVJ4DS87AKBZOS25MBBTDANR6VKA,Virtual Character Motion Comparison,Rate the similarity of the movements of the two side-by-side virtual characters,"video, comparison, virtual character animation",$0.05 ,Mon May 10 09:55:34 PDT 2021,51,BatchId:4436912;OriginalHitTemplateId:928390922;,300,259200,Mon May 17 09:55:34 PDT 2021,,,3UXUOQ9OKMCVKO3L4Q6RF5X67MAA7J,A4J4GGMKJ68L0,Submitted,Mon May 10 09:55:54 PDT 2021,Mon May 10 09:57:49 PDT 2021,Thu May 13 09:57:49 PDT 2021,,,,115,100% (3/3),0% (0/0),0% (0/0),https://www.cs.umb.edu/~fundad/drives/pointing_neutral.mp4,4,,,
3JGHED38FK6TUM4UUUE5T7JQZFD7Y2,32CVJ4DS87AKBZOS25MBBTDANR6VKA,Virtual Character Motion Comparison,Rate the similarity of the movements of the two side-by-side virtual characters,"video, comparison, virtual character animation",$0.05 ,Mon May 10 09:55:34 PDT 2021,51,BatchId:4436912;OriginalHitTemplateId:928390922;,300,259200,Mon May 17 09:55:34 PDT 2021,,,3VJ40NV2QQ27KQUTRCEALW9TL08TOG,A2IWGAADU93RNZ,Submitted,Mon May 10 10:10:26 PDT 2021,Mon May 10 10:11:13 PDT 2021,Thu May 13 10:11:13 PDT 2021,,,,47,0% (0/0),0% (0/0),0% (0/0),https://www.cs.umb.edu/~fundad/drives/pointing_neutral.mp4,3,,,
3JGHED38FK6TUM4UUUE5T7JQZFD7Y2,32CVJ4DS87AKBZOS25MBBTDANR6VKA,Virtual Character Motion Comparison,Rate the similarity of the movements of the two side-by-side virtual characters,"video, comparison, virtual character animation",$0.05 ,Mon May 10 09:55:34 PDT 2021,51,BatchId:4436912;OriginalHitTemplateId:928390922;,300,259200,Mon May 17 09:55:34 PDT 2021,,,3WJEQKOXAGHH92OJFAPIEV6T40BA1N,AT3HPICJ6SAOA,Submitted,Mon May 10 09:59:40 PDT 2021,Mon May 10 10:00:03 PDT 2021,Thu May 13 10:00:03 PDT 2021,,,,23,0% (0/0),0% (0/0),0% (0/0),https://www.cs.umb.edu/~fundad/drives/pointing_neutral.mp4,4,,,
3JGHED38FK6TUM4UUUE5T7JQZFD7Y2,32CVJ4DS87AKBZOS25MBBTDANR6VKA,Virtual Character Motion Comparison,Rate the similarity of the movements of the two side-by-side virtual characters,"video, comparison, virtual character animation",$0.05 ,Mon May 10 09:55:34 PDT 2021,51,BatchId:4436912;OriginalHitTemplateId:928390922;,300,259200,Mon May 17 09:55:34 PDT 2021,,,3WSELTNVRBHIIM0SHT9SK1POWJ2ATW,A1VMYCTZSIBP5J,Submitted,Mon May 10 10:00:27 PDT 2021,Mon May 10 10:00:37 PDT 2021,Thu May 13 10:00:37 PDT 2021,,,,10,100% (97/97),0% (0/0),0% (0/0),https://www.cs.umb.edu/~fundad/drives/pointing_neutral.mp4,3,,,
3JGHED38FK6TUM4UUUE5T7JQZFD7Y2,32CVJ4DS87AKBZOS25MBBTDANR6VKA,Virtual Character Motion Comparison,Rate the similarity of the movements of the two side-by-side virtual characters,"video, comparison, virtual character animation",$0.05 ,Mon May 10 09:55:34 PDT 2021,51,BatchId:4436912;OriginalHitTemplateId:928390922;,300,259200,Mon May 17 09:55:34 PDT 2021,,,3X3OR7WPZ7FGGLZ8BMNN2J9CCIF8LM,A3U5D83UGFY23Y,Submitted,Mon May 10 09:56:25 PDT 2021,Mon May 10 09:56:36 PDT 2021,Thu May 13 09:56:36 PDT 2021,,,,11,0% (0/0),0% (0/0),0% (0/0),https://www.cs.umb.edu/~fundad/drives/pointing_neutral.mp4,4,,,
3JGHED38FK6TUM4UUUE5T7JQZFD7Y2,32CVJ4DS87AKBZOS25MBBTDANR6VKA,Virtual Character Motion Comparison,Rate the similarity of the movements of the two side-by-side virtual characters,"video, comparison, virtual character animation",$0.05 ,Mon May 10 09:55:34 PDT 2021,51,BatchId:4436912;OriginalHitTemplateId:928390922;,300,259200,Mon May 17 09:55:34 PDT 2021,,,3XCC1ODXDTQXPNUH201JAM3BCGURQA,A2L4CWEP172Z2M,Submitted,Mon May 10 10:13:35 PDT 2021,Mon May 10 10:14:29 PDT 2021,Thu May 13 10:14:29 PDT 2021,,,,54,0% (0/0),0% (0/0),0% (0/0),https://www.cs.umb.edu/~fundad/drives/pointing_neutral.mp4,4,,,
3JGHED38FK6TUM4UUUE5T7JQZFD7Y2,32CVJ4DS87AKBZOS25MBBTDANR6VKA,Virtual Character Motion Comparison,Rate the similarity of the movements of the two side-by-side virtual characters,"video, comparison, virtual character animation",$0.05 ,Mon May 10 09:55:34 PDT 2021,51,BatchId:4436912;OriginalHitTemplateId:928390922;,300,259200,Mon May 17 09:55:34 PDT 2021,,,3Y4W8Q93L7ZVTL7T6Y09BKLFE7GDVI,AANUUKQPVMD9Q,Submitted,Mon May 10 10:05:39 PDT 2021,Mon May 10 10:06:20 PDT 2021,Thu May 13 10:06:20 PDT 2021,,,,41,0% (0/0),0% (0/0),0% (0/0),https://www.cs.umb.edu/~fundad/drives/pointing_neutral.mp4,3,,,
3JGHED38FK6TUM4UUUE5T7JQZFD7Y2,32CVJ4DS87AKBZOS25MBBTDANR6VKA,Virtual Character Motion Comparison,Rate the similarity of the movements of the two side-by-side virtual characters,"video, comparison, virtual character animation",$0.05 ,Mon May 10 09:55:34 PDT 2021,51,BatchId:4436912;OriginalHitTemplateId:928390922;,300,259200,Mon May 17 09:55:34 PDT 2021,,,3YJ6NA41JJVVRNAPUIDL8QRAX3AJPF,A3TKUXUTDX6FBF,Submitted,Mon May 10 09:58:00 PDT 2021,Mon May 10 09:58:12 PDT 2021,Thu May 13 09:58:12 PDT 2021,,,,12,0% (0/0),0% (0/0),0% (0/0),https://www.cs.umb.edu/~fundad/drives/pointing_neutral.mp4,4,,,
3JGHED38FK6TUM4UUUE5T7JQZFD7Y2,32CVJ4DS87AKBZOS25MBBTDANR6VKA,Virtual Character Motion Comparison,Rate the similarity of the movements of the two side-by-side virtual characters,"video, comparison, virtual character animation",$0.05 ,Mon May 10 09:55:34 PDT 2021,51,BatchId:4436912;OriginalHitTemplateId:928390922;,300,259200,Mon May 17 09:55:34 PDT 2021,,,3YMTUJH0D0V3GXKB8SZ17Y3O495T43,A306NPJADFSPON,Submitted,Mon May 10 09:57:37 PDT 2021,Mon May 10 09:58:24 PDT 2021,Thu May 13 09:58:24 PDT 2021,,,,47,0% (0/0),0% (0/0),0% (0/0),https://www.cs.umb.edu/~fundad/drives/pointing_neutral.mp4,4,,,
3JGHED38FK6TUM4UUUE5T7JQZFD7Y2,32CVJ4DS87AKBZOS25MBBTDANR6VKA,Virtual Character Motion Comparison,Rate the similarity of the movements of the two side-by-side virtual characters,"video, comparison, virtual character animation",$0.05 ,Mon May 10 09:55:34 PDT 2021,51,BatchId:4436912;OriginalHitTemplateId:928390922;,300,259200,Mon May 17 09:55:34 PDT 2021,,,3ZV9H2YQQLMAQI513JZTKDIHU3SW3C,A15G1VLKLE2HE5,Submitted,Mon May 10 10:02:18 PDT 2021,Mon May 10 10:02:29 PDT 2021,Thu May 13 10:02:29 PDT 2021,,,,11,0% (0/0),0% (0/0),0% (0/0),https://www.cs.umb.edu/~fundad/drives/pointing_neutral.mp4,4,,,
3X52SWXE14KVHY4Q6A4SOWQOPI4CW1,32CVJ4DS87AKBZOS25MBBTDANR6VKA,Virtual Character Motion Comparison,Rate the similarity of the movements of the two side-by-side virtual characters,"video, comparison, virtual character animation",$0.05 ,Mon May 10 09:55:34 PDT 2021,51,BatchId:4436912;OriginalHitTemplateId:928390922;,300,259200,Mon May 17 09:55:34 PDT 2021,,,30BUDKLTXLAJNX6EW2TGD4911VFE55,AXHLESLYR86OU,Submitted,Mon May 10 10:06:04 PDT 2021,Mon May 10 10:06:43 PDT 2021,Thu May 13 10:06:43 PDT 2021,,,,39,100% (43/43),0% (0/0),0% (0/0),https://www.cs.umb.edu/~fundad/drives/walking_neutral.mp4,4,,,
3X52SWXE14KVHY4Q6A4SOWQOPI4CW1,32CVJ4DS87AKBZOS25MBBTDANR6VKA,Virtual Character Motion Comparison,Rate the similarity of the movements of the two side-by-side virtual characters,"video, comparison, virtual character animation",$0.05 ,Mon May 10 09:55:34 PDT 2021,51,BatchId:4436912;OriginalHitTemplateId:928390922;,300,259200,Mon May 17 09:55:34 PDT 2021,,,30ZX6P7VFGAZZG9JSK29CDJHMTJ2JC,A1LDS7OIWQ150C,Submitted,Mon May 10 09:59:59 PDT 2021,Mon May 10 10:00:24 PDT 2021,Thu May 13 10:00:24 PDT 2021,,,,25,100% (60/60),0% (0/0),0% (0/0),https://www.cs.umb.edu/~fundad/drives/walking_neutral.mp4,2,,,
3X52SWXE14KVHY4Q6A4SOWQOPI4CW1,32CVJ4DS87AKBZOS25MBBTDANR6VKA,Virtual Character Motion Comparison,Rate the similarity of the movements of the two side-by-side virtual characters,"video, comparison, virtual character animation",$0.05 ,Mon May 10 09:55:34 PDT 2021,51,BatchId:4436912;OriginalHitTemplateId:928390922;,300,259200,Mon May 17 09:55:34 PDT 2021,,,31QNSG6A5Z8H10A67SMDJERBHYA87D,ABBHVKPQIC5PV,Submitted,Mon May 10 09:56:10 PDT 2021,Mon May 10 09:56:20 PDT 2021,Thu May 13 09:56:20 PDT 2021,,,,10,100% (40/40),0% (0/0),0% (0/0),https://www.cs.umb.edu/~fundad/drives/walking_neutral.mp4,3,,,
3X52SWXE14KVHY4Q6A4SOWQOPI4CW1,32CVJ4DS87AKBZOS25MBBTDANR6VKA,Virtual Character Motion Comparison,Rate the similarity of the movements of the two side-by-side virtual characters,"video, comparison, virtual character animation",$0.05 ,Mon May 10 09:55:34 PDT 2021,51,BatchId:4436912;OriginalHitTemplateId:928390922;,300,259200,Mon May 17 09:55:34 PDT 2021,,,320DUZ38GF1PEAHQRZNYEHDIWCNJGB,A3TKUXUTDX6FBF,Submitted,Mon May 10 09:57:45 PDT 2021,Mon May 10 09:57:59 PDT 2021,Thu May 13 09:57:59 PDT 2021,,,,14,0% (0/0),0% (0/0),0% (0/0),https://www.cs.umb.edu/~fundad/drives/walking_neutral.mp4,2,,,
3X52SWXE14KVHY4Q6A4SOWQOPI4CW1,32CVJ4DS87AKBZOS25MBBTDANR6VKA,Virtual Character Motion Comparison,Rate the similarity of the movements of the two side-by-side virtual characters,"video, comparison, virtual character animation",$0.05 ,Mon May 10 09:55:34 PDT 2021,51,BatchId:4436912;OriginalHitTemplateId:928390922;,300,259200,Mon May 17 09:55:34 PDT 2021,,,32AT8R96GTO1IV1BYYLTAX5W13HSU2,A3F51C49T9A34D,Submitted,Mon May 10 10:07:49 PDT 2021,Mon May 10 10:08:56 PDT 2021,Thu May 13 10:08:56 PDT 2021,,,,67,0% (0/0),0% (0/0),0% (0/0),https://www.cs.umb.edu/~fundad/drives/walking_neutral.mp4,4,,,
3X52SWXE14KVHY4Q6A4SOWQOPI4CW1,32CVJ4DS87AKBZOS25MBBTDANR6VKA,Virtual Character Motion Comparison,Rate the similarity of the movements of the two side-by-side virtual characters,"video, comparison, virtual character animation",$0.05 ,Mon May 10 09:55:34 PDT 2021,51,BatchId:4436912;OriginalHitTemplateId:928390922;,300,259200,Mon May 17 09:55:34 PDT 2021,,,32M8BPYGA11TJZXK9H2Y2GYIJX1IG1,A2IWGAADU93RNZ,Submitted,Mon May 10 10:08:42 PDT 2021,Mon May 10 10:09:45 PDT 2021,Thu May 13 10:09:45 PDT 2021,,,,63,0% (0/0),0% (0/0),0% (0/0),https://www.cs.umb.edu/~fundad/drives/walking_neutral.mp4,3,,,
3X52SWXE14KVHY4Q6A4SOWQOPI4CW1,32CVJ4DS87AKBZOS25MBBTDANR6VKA,Virtual Character Motion Comparison,Rate the similarity of the movements of the two side-by-side virtual characters,"video, comparison, virtual character animation",$0.05 ,Mon May 10 09:55:34 PDT 2021,51,BatchId:4436912;OriginalHitTemplateId:928390922;,300,259200,Mon May 17 09:55:34 PDT 2021,,,338JKRMM2EESDD9XHZS36IM0LP6AHL,A1PZB4LFA0QI45,Submitted,Mon May 10 09:56:19 PDT 2021,Mon May 10 09:56:57 PDT 2021,Thu May 13 09:56:57 PDT 2021,,,,38,0% (0/0),0% (0/0),0% (0/0),https://www.cs.umb.edu/~fundad/drives/walking_neutral.mp4,4,,,
3X52SWXE14KVHY4Q6A4SOWQOPI4CW1,32CVJ4DS87AKBZOS25MBBTDANR6VKA,Virtual Character Motion Comparison,Rate the similarity of the movements of the two side-by-side virtual characters,"video, comparison, virtual character animation",$0.05 ,Mon May 10 09:55:34 PDT 2021,51,BatchId:4436912;OriginalHitTemplateId:928390922;,300,259200,Mon May 17 09:55:34 PDT 2021,,,33C7UALJVTD3QEV4IC54I40YECA81G,AYW7BQJLFZMOC,Submitted,Mon May 10 09:56:04 PDT 2021,Mon May 10 09:56:22 PDT 2021,Thu May 13 09:56:22 PDT 2021,,,,18,100% (17/17),0% (0/0),0% (0/0),https://www.cs.umb.edu/~fundad/drives/walking_neutral.mp4,4,,,
3X52SWXE14KVHY4Q6A4SOWQOPI4CW1,32CVJ4DS87AKBZOS25MBBTDANR6VKA,Virtual Character Motion Comparison,Rate the similarity of the movements of the two side-by-side virtual characters,"video, comparison, virtual character animation",$0.05 ,Mon May 10 09:55:34 PDT 2021,51,BatchId:4436912;OriginalHitTemplateId:928390922;,300,259200,Mon May 17 09:55:34 PDT 2021,,,34BBWHLWHIQPGLNKOM6GOJK6DLOIWX,AHZ08BLAUVT5I,Submitted,Mon May 10 09:57:07 PDT 2021,Mon May 10 09:57:27 PDT 2021,Thu May 13 09:57:27 PDT 2021,,,,20,100% (13/13),0% (0/0),0% (0/0),https://www.cs.umb.edu/~fundad/drives/walking_neutral.mp4,4,,,
3X52SWXE14KVHY4Q6A4SOWQOPI4CW1,32CVJ4DS87AKBZOS25MBBTDANR6VKA,Virtual Character Motion Comparison,Rate the similarity of the movements of the two side-by-side virtual characters,"video, comparison, virtual character animation",$0.05 ,Mon May 10 09:55:34 PDT 2021,51,BatchId:4436912;OriginalHitTemplateId:928390922;,300,259200,Mon May 17 09:55:34 PDT 2021,,,34Q075JO15SL8PQ1N8SPPPUGVEZ01M,AXAXLC0TXQ0QW,Submitted,Mon May 10 09:59:05 PDT 2021,Mon May 10 09:59:36 PDT 2021,Thu May 13 09:59:36 PDT 2021,,,,31,0% (0/0),0% (0/0),0% (0/0),https://www.cs.umb.edu/~fundad/drives/walking_neutral.mp4,3,,,
3X52SWXE14KVHY4Q6A4SOWQOPI4CW1,32CVJ4DS87AKBZOS25MBBTDANR6VKA,Virtual Character Motion Comparison,Rate the similarity of the movements of the two side-by-side virtual characters,"video, comparison, virtual character animation",$0.05 ,Mon May 10 09:55:34 PDT 2021,51,BatchId:4436912;OriginalHitTemplateId:928390922;,300,259200,Mon May 17 09:55:34 PDT 2021,,,34S6N1K2Z3Y99W01EQHTFW2BF16HLB,A1S9MXGZ1677V3,Submitted,Mon May 10 10:02:34 PDT 2021,Mon May 10 10:02:56 PDT 2021,Thu May 13 10:02:56 PDT 2021,,,,22,0% (0/0),0% (0/0),0% (0/0),https://www.cs.umb.edu/~fundad/drives/walking_neutral.mp4,4,,,
3X52SWXE14KVHY4Q6A4SOWQOPI4CW1,32CVJ4DS87AKBZOS25MBBTDANR6VKA,Virtual Character Motion Comparison,Rate the similarity of the movements of the two side-by-side virtual characters,"video, comparison, virtual character animation",$0.05 ,Mon May 10 09:55:34 PDT 2021,51,BatchId:4436912;OriginalHitTemplateId:928390922;,300,259200,Mon May 17 09:55:34 PDT 2021,,,34S9DKFK7B4LJRTB031WEO13ASINYH,A6YDORFZZXXPQ,Submitted,Mon May 10 09:57:22 PDT 2021,Mon May 10 09:57:35 PDT 2021,Thu May 13 09:57:35 PDT 2021,,,,13,0% (0/0),0% (0/0),0% (0/0),https://www.cs.umb.edu/~fundad/drives/walking_neutral.mp4,3,,,
3X52SWXE14KVHY4Q6A4SOWQOPI4CW1,32CVJ4DS87AKBZOS25MBBTDANR6VKA,Virtual Character Motion Comparison,Rate the similarity of the movements of the two side-by-side virtual characters,"video, comparison, virtual character animation",$0.05 ,Mon May 10 09:55:34 PDT 2021,51,BatchId:4436912;OriginalHitTemplateId:928390922;,300,259200,Mon May 17 09:55:34 PDT 2021,,,35DR22AR5LZPFIARDOVFMWWO35Y3XC,AKH0WFAUBUKUS,Submitted,Mon May 10 10:01:00 PDT 2021,Mon May 10 10:02:52 PDT 2021,Thu May 13 10:02:52 PDT 2021,,,,112,0% (0/0),0% (0/0),0% (0/0),https://www.cs.umb.edu/~fundad/drives/walking_neutral.mp4,4,,,
3X52SWXE14KVHY4Q6A4SOWQOPI4CW1,32CVJ4DS87AKBZOS25MBBTDANR6VKA,Virtual Character Motion Comparison,Rate the similarity of the movements of the two side-by-side virtual characters,"video, comparison, virtual character animation",$0.05 ,Mon May 10 09:55:34 PDT 2021,51,BatchId:4436912;OriginalHitTemplateId:928390922;,300,259200,Mon May 17 09:55:34 PDT 2021,,,36ZN444YTZDHBCEIX0F67P7KAJPOIR,A14N7TK3CEQVAE,Submitted,Mon May 10 09:57:44 PDT 2021,Mon May 10 09:58:03 PDT 2021,Thu May 13 09:58:03 PDT 2021,,,,19,0% (0/0),0% (0/0),0% (0/0),https://www.cs.umb.edu/~fundad/drives/walking_neutral.mp4,4,,,
3X52SWXE14KVHY4Q6A4SOWQOPI4CW1,32CVJ4DS87AKBZOS25MBBTDANR6VKA,Virtual Character Motion Comparison,Rate the similarity of the movements of the two side-by-side virtual characters,"video, comparison, virtual character animation",$0.05 ,Mon May 10 09:55:34 PDT 2021,51,BatchId:4436912;OriginalHitTemplateId:928390922;,300,259200,Mon May 17 09:55:34 PDT 2021,,,37TRT2X24Y6TNT9FBDVKD6MLGZXJBW,A3EM9OBO5KU9GG,Submitted,Mon May 10 10:06:45 PDT 2021,Mon May 10 10:07:06 PDT 2021,Thu May 13 10:07:06 PDT 2021,,,,21,100% (56/56),0% (0/0),0% (0/0),https://www.cs.umb.edu/~fundad/drives/walking_neutral.mp4,4,,,
3X52SWXE14KVHY4Q6A4SOWQOPI4CW1,32CVJ4DS87AKBZOS25MBBTDANR6VKA,Virtual Character Motion Comparison,Rate the similarity of the movements of the two side-by-side virtual characters,"video, comparison, virtual character animation",$0.05 ,Mon May 10 09:55:34 PDT 2021,51,BatchId:4436912;OriginalHitTemplateId:928390922;,300,259200,Mon May 17 09:55:34 PDT 2021,,,37ZHEEHM641V0340VBRHSXJ01CL37J,A3I9CPE69O3INJ,Submitted,Mon May 10 10:08:55 PDT 2021,Mon May 10 10:09:13 PDT 2021,Thu May 13 10:09:13 PDT 2021,,,,18,0% (0/0),0% (0/0),0% (0/0),https://www.cs.umb.edu/~fundad/drives/walking_neutral.mp4,4,,,
3X52SWXE14KVHY4Q6A4SOWQOPI4CW1,32CVJ4DS87AKBZOS25MBBTDANR6VKA,Virtual Character Motion Comparison,Rate the similarity of the movements of the two side-by-side virtual characters,"video, comparison, virtual character animation",$0.05 ,Mon May 10 09:55:34 PDT 2021,51,BatchId:4436912;OriginalHitTemplateId:928390922;,300,259200,Mon May 17 09:55:34 PDT 2021,,,39U1BHVTDT6IY1178EUIXTBIQ99T3I,A1FL53VTH8JPSS,Submitted,Mon May 10 09:57:41 PDT 2021,Mon May 10 09:58:34 PDT 2021,Thu May 13 09:58:34 PDT 2021,,,,53,0% (0/0),0% (0/0),0% (0/0),https://www.cs.umb.edu/~fundad/drives/walking_neutral.mp4,3,,,
3X52SWXE14KVHY4Q6A4SOWQOPI4CW1,32CVJ4DS87AKBZOS25MBBTDANR6VKA,Virtual Character Motion Comparison,Rate the similarity of the movements of the two side-by-side virtual characters,"video, comparison, virtual character animation",$0.05 ,Mon May 10 09:55:34 PDT 2021,51,BatchId:4436912;OriginalHitTemplateId:928390922;,300,259200,Mon May 17 09:55:34 PDT 2021,,,3ATPCQ38JGPEZ8ZMRZWRSIH3BLIYA7,A1JCKICNOC7DAB,Submitted,Mon May 10 09:56:28 PDT 2021,Mon May 10 09:56:37 PDT 2021,Thu May 13 09:56:37 PDT 2021,,,,9,0% (0/0),0% (0/0),0% (0/0),https://www.cs.umb.edu/~fundad/drives/walking_neutral.mp4,3,,,
3X52SWXE14KVHY4Q6A4SOWQOPI4CW1,32CVJ4DS87AKBZOS25MBBTDANR6VKA,Virtual Character Motion Comparison,Rate the similarity of the movements of the two side-by-side virtual characters,"video, comparison, virtual character animation",$0.05 ,Mon May 10 09:55:34 PDT 2021,51,BatchId:4436912;OriginalHitTemplateId:928390922;,300,259200,Mon May 17 09:55:34 PDT 2021,,,3DEL4X4ELE0QVL7F29O5CQS1C6TYXD,AKXJDNVRKOMKM,Submitted,Mon May 10 10:02:30 PDT 2021,Mon May 10 10:02:56 PDT 2021,Thu May 13 10:02:56 PDT 2021,,,,26,0% (0/0),0% (0/0),0% (0/0),https://www.cs.umb.edu/~fundad/drives/walking_neutral.mp4,4,,,
3X52SWXE14KVHY4Q6A4SOWQOPI4CW1,32CVJ4DS87AKBZOS25MBBTDANR6VKA,Virtual Character Motion Comparison,Rate the similarity of the movements of the two side-by-side virtual characters,"video, comparison, virtual character animation",$0.05 ,Mon May 10 09:55:34 PDT 2021,51,BatchId:4436912;OriginalHitTemplateId:928390922;,300,259200,Mon May 17 09:55:34 PDT 2021,,,3DH6GAKTY64F0G7U3RCQ9B8CK6RYZA,A31A74MWKPUJC9,Submitted,Mon May 10 10:02:42 PDT 2021,Mon May 10 10:02:58 PDT 2021,Thu May 13 10:02:58 PDT 2021,,,,16,0% (0/0),0% (0/0),0% (0/0),https://www.cs.umb.edu/~fundad/drives/walking_neutral.mp4,4,,,
3X52SWXE14KVHY4Q6A4SOWQOPI4CW1,32CVJ4DS87AKBZOS25MBBTDANR6VKA,Virtual Character Motion Comparison,Rate the similarity of the movements of the two side-by-side virtual characters,"video, comparison, virtual character animation",$0.05 ,Mon May 10 09:55:34 PDT 2021,51,BatchId:4436912;OriginalHitTemplateId:928390922;,300,259200,Mon May 17 09:55:34 PDT 2021,,,3GNCZX450Q2KQU7L0C08FROR7GGAPQ,A3A7HDHB9NTFGR,Submitted,Mon May 10 09:56:23 PDT 2021,Mon May 10 09:56:34 PDT 2021,Thu May 13 09:56:34 PDT 2021,,,,11,0% (0/0),0% (0/0),0% (0/0),https://www.cs.umb.edu/~fundad/drives/walking_neutral.mp4,3,,,
3X52SWXE14KVHY4Q6A4SOWQOPI4CW1,32CVJ4DS87AKBZOS25MBBTDANR6VKA,Virtual Character Motion Comparison,Rate the similarity of the movements of the two side-by-side virtual characters,"video, comparison, virtual character animation",$0.05 ,Mon May 10 09:55:34 PDT 2021,51,BatchId:4436912;OriginalHitTemplateId:928390922;,300,259200,Mon May 17 09:55:34 PDT 2021,,,3HMIGG0U4TL0GK67U1CDWRB8LXIY83,A39ICPRR4OS3OX,Submitted,Mon May 10 09:56:27 PDT 2021,Mon May 10 09:57:26 PDT 2021,Thu May 13 09:57:26 PDT 2021,,,,59,0% (0/0),0% (0/0),0% (0/0),https://www.cs.umb.edu/~fundad/drives/walking_neutral.mp4,4,,,
3X52SWXE14KVHY4Q6A4SOWQOPI4CW1,32CVJ4DS87AKBZOS25MBBTDANR6VKA,Virtual Character Motion Comparison,Rate the similarity of the movements of the two side-by-side virtual characters,"video, comparison, virtual character animation",$0.05 ,Mon May 10 09:55:34 PDT 2021,51,BatchId:4436912;OriginalHitTemplateId:928390922;,300,259200,Mon May 17 09:55:34 PDT 2021,,,3HRMW88U1E5I4ECQGUBN9HIJTPTM0F,A329CKW65AYB5K,Submitted,Mon May 10 09:57:33 PDT 2021,Mon May 10 09:58:16 PDT 2021,Thu May 13 09:58:16 PDT 2021,,,,43,0% (0/0),0% (0/0),0% (0/0),https://www.cs.umb.edu/~fundad/drives/walking_neutral.mp4,4,,,
3X52SWXE14KVHY4Q6A4SOWQOPI4CW1,32CVJ4DS87AKBZOS25MBBTDANR6VKA,Virtual Character Motion Comparison,Rate the similarity of the movements of the two side-by-side virtual characters,"video, comparison, virtual character animation",$0.05 ,Mon May 10 09:55:34 PDT 2021,51,BatchId:4436912;OriginalHitTemplateId:928390922;,300,259200,Mon May 17 09:55:34 PDT 2021,,,3HUTX6F6V22D0R0G8XUEK903LNT2OV,AT3HPICJ6SAOA,Submitted,Mon May 10 10:00:03 PDT 2021,Mon May 10 10:01:14 PDT 2021,Thu May 13 10:01:14 PDT 2021,,,,71,0% (0/0),0% (0/0),0% (0/0),https://www.cs.umb.edu/~fundad/drives/walking_neutral.mp4,4,,,
3X52SWXE14KVHY4Q6A4SOWQOPI4CW1,32CVJ4DS87AKBZOS25MBBTDANR6VKA,Virtual Character Motion Comparison,Rate the similarity of the movements of the two side-by-side virtual characters,"video, comparison, virtual character animation",$0.05 ,Mon May 10 09:55:34 PDT 2021,51,BatchId:4436912;OriginalHitTemplateId:928390922;,300,259200,Mon May 17 09:55:34 PDT 2021,,,3HYA4D452ZYJUENN9UBOXFRPTM62FD,A2L4CWEP172Z2M,Submitted,Mon May 10 10:14:30 PDT 2021,Mon May 10 10:15:02 PDT 2021,Thu May 13 10:15:02 PDT 2021,,,,32,0% (0/0),0% (0/0),0% (0/0),https://www.cs.umb.edu/~fundad/drives/walking_neutral.mp4,4,,,
3X52SWXE14KVHY4Q6A4SOWQOPI4CW1,32CVJ4DS87AKBZOS25MBBTDANR6VKA,Virtual Character Motion Comparison,Rate the similarity of the movements of the two side-by-side virtual characters,"video, comparison, virtual character animation",$0.05 ,Mon May 10 09:55:34 PDT 2021,51,BatchId:4436912;OriginalHitTemplateId:928390922;,300,259200,Mon May 17 09:55:34 PDT 2021,,,3I2PTA7R319B2JHMCGSM9AHXHOYQKE,AZPJUBGJZ3BT4,Submitted,Mon May 10 10:05:54 PDT 2021,Mon May 10 10:06:41 PDT 2021,Thu May 13 10:06:41 PDT 2021,,,,47,0% (0/0),0% (0/0),0% (0/0),https://www.cs.umb.edu/~fundad/drives/walking_neutral.mp4,3,,,
3X52SWXE14KVHY4Q6A4SOWQOPI4CW1,32CVJ4DS87AKBZOS25MBBTDANR6VKA,Virtual Character Motion Comparison,Rate the similarity of the movements of the two side-by-side virtual characters,"video, comparison, virtual character animation",$0.05 ,Mon May 10 09:55:34 PDT 2021,51,BatchId:4436912;OriginalHitTemplateId:928390922;,300,259200,Mon May 17 09:55:34 PDT 2021,,,3K9FOBBF2PY1JSMCHOC6KGZ71DHLNQ,A3KED8NFUJ4PVR,Submitted,Mon May 10 10:09:11 PDT 2021,Mon May 10 10:09:38 PDT 2021,Thu May 13 10:09:38 PDT 2021,,,,27,0% (0/0),0% (0/0),0% (0/0),https://www.cs.umb.edu/~fundad/drives/walking_neutral.mp4,3,,,
3X52SWXE14KVHY4Q6A4SOWQOPI4CW1,32CVJ4DS87AKBZOS25MBBTDANR6VKA,Virtual Character Motion Comparison,Rate the similarity of the movements of the two side-by-side virtual characters,"video, comparison, virtual character animation",$0.05 ,Mon May 10 09:55:34 PDT 2021,51,BatchId:4436912;OriginalHitTemplateId:928390922;,300,259200,Mon May 17 09:55:34 PDT 2021,,,3LRKMWOKBDWPZVENA65V07775RV2ZW,A22AM327QRSABB,Submitted,Mon May 10 09:56:34 PDT 2021,Mon May 10 09:56:51 PDT 2021,Thu May 13 09:56:51 PDT 2021,,,,17,0% (0/0),0% (0/0),0% (0/0),https://www.cs.umb.edu/~fundad/drives/walking_neutral.mp4,4,,,
3X52SWXE14KVHY4Q6A4SOWQOPI4CW1,32CVJ4DS87AKBZOS25MBBTDANR6VKA,Virtual Character Motion Comparison,Rate the similarity of the movements of the two side-by-side virtual characters,"video, comparison, virtual character animation",$0.05 ,Mon May 10 09:55:34 PDT 2021,51,BatchId:4436912;OriginalHitTemplateId:928390922;,300,259200,Mon May 17 09:55:34 PDT 2021,,,3LUY3GC637F27S9NT9OO50M168AP7E,A1W7L2G03DMKTH,Submitted,Mon May 10 09:58:32 PDT 2021,Mon May 10 09:58:52 PDT 2021,Thu May 13 09:58:52 PDT 2021,,,,20,0% (0/0),0% (0/0),0% (0/0),https://www.cs.umb.edu/~fundad/drives/walking_neutral.mp4,4,,,
3X52SWXE14KVHY4Q6A4SOWQOPI4CW1,32CVJ4DS87AKBZOS25MBBTDANR6VKA,Virtual Character Motion Comparison,Rate the similarity of the movements of the two side-by-side virtual characters,"video, comparison, virtual character animation",$0.05 ,Mon May 10 09:55:34 PDT 2021,51,BatchId:4436912;OriginalHitTemplateId:928390922;,300,259200,Mon May 17 09:55:34 PDT 2021,,,3M68NM076PM4F5BXNRNL4HMKCFH6RR,A3OCXE2VIIRSVH,Submitted,Mon May 10 10:09:08 PDT 2021,Mon May 10 10:09:18 PDT 2021,Thu May 13 10:09:18 PDT 2021,,,,10,0% (0/0),0% (0/0),0% (0/0),https://www.cs.umb.edu/~fundad/drives/walking_neutral.mp4,2,,,
3X52SWXE14KVHY4Q6A4SOWQOPI4CW1,32CVJ4DS87AKBZOS25MBBTDANR6VKA,Virtual Character Motion Comparison,Rate the similarity of the movements of the two side-by-side virtual characters,"video, comparison, virtual character animation",$0.05 ,Mon May 10 09:55:34 PDT 2021,51,BatchId:4436912;OriginalHitTemplateId:928390922;,300,259200,Mon May 17 09:55:34 PDT 2021,,,3MX2NQ3YCH9STXXVR7J81TU8H1Q5X5,AANUUKQPVMD9Q,Submitted,Mon May 10 10:05:01 PDT 2021,Mon May 10 10:05:35 PDT 2021,Thu May 13 10:05:35 PDT 2021,,,,34,0% (0/0),0% (0/0),0% (0/0),https://www.cs.umb.edu/~fundad/drives/walking_neutral.mp4,4,,,
3X52SWXE14KVHY4Q6A4SOWQOPI4CW1,32CVJ4DS87AKBZOS25MBBTDANR6VKA,Virtual Character Motion Comparison,Rate the similarity of the movements of the two side-by-side virtual characters,"video, comparison, virtual character animation",$0.05 ,Mon May 10 09:55:34 PDT 2021,51,BatchId:4436912;OriginalHitTemplateId:928390922;,300,259200,Mon May 17 09:55:34 PDT 2021,,,3NC5L260MW1X1LCSWS9L4SUSURXFOR,A3U5D83UGFY23Y,Submitted,Mon May 10 09:56:17 PDT 2021,Mon May 10 09:58:40 PDT 2021,Thu May 13 09:58:40 PDT 2021,,,,143,0% (0/0),0% (0/0),0% (0/0),https://www.cs.umb.edu/~fundad/drives/walking_neutral.mp4,3,,,
3X52SWXE14KVHY4Q6A4SOWQOPI4CW1,32CVJ4DS87AKBZOS25MBBTDANR6VKA,Virtual Character Motion Comparison,Rate the similarity of the movements of the two side-by-side virtual characters,"video, comparison, virtual character animation",$0.05 ,Mon May 10 09:55:34 PDT 2021,51,BatchId:4436912;OriginalHitTemplateId:928390922;,300,259200,Mon May 17 09:55:34 PDT 2021,,,3OS4RQUCRHUDIRNJSN4ZY8UTNSFFBO,A1VMYCTZSIBP5J,Submitted,Mon May 10 10:00:15 PDT 2021,Mon May 10 10:00:26 PDT 2021,Thu May 13 10:00:26 PDT 2021,,,,11,100% (97/97),0% (0/0),0% (0/0),https://www.cs.umb.edu/~fundad/drives/walking_neutral.mp4,3,,,
3X52SWXE14KVHY4Q6A4SOWQOPI4CW1,32CVJ4DS87AKBZOS25MBBTDANR6VKA,Virtual Character Motion Comparison,Rate the similarity of the movements of the two side-by-side virtual characters,"video, comparison, virtual character animation",$0.05 ,Mon May 10 09:55:34 PDT 2021,51,BatchId:4436912;OriginalHitTemplateId:928390922;,300,259200,Mon May 17 09:55:34 PDT 2021,,,3P529IW9K60PV09VJ0TTCBQYZMSFLA,A2VO8C41JJIQY9,Submitted,Mon May 10 09:56:14 PDT 2021,Mon May 10 09:56:20 PDT 2021,Thu May 13 09:56:20 PDT 2021,,,,6,100% (36/36),0% (0/0),0% (0/0),https://www.cs.umb.edu/~fundad/drives/walking_neutral.mp4,3,,,
3X52SWXE14KVHY4Q6A4SOWQOPI4CW1,32CVJ4DS87AKBZOS25MBBTDANR6VKA,Virtual Character Motion Comparison,Rate the similarity of the movements of the two side-by-side virtual characters,"video, comparison, virtual character animation",$0.05 ,Mon May 10 09:55:34 PDT 2021,51,BatchId:4436912;OriginalHitTemplateId:928390922;,300,259200,Mon May 17 09:55:34 PDT 2021,,,3PDJHANYKDVRQBXURMBRQDKEP6HH63,A15G1VLKLE2HE5,Submitted,Mon May 10 10:01:48 PDT 2021,Mon May 10 10:02:05 PDT 2021,Thu May 13 10:02:05 PDT 2021,,,,17,0% (0/0),0% (0/0),0% (0/0),https://www.cs.umb.edu/~fundad/drives/walking_neutral.mp4,3,,,
3X52SWXE14KVHY4Q6A4SOWQOPI4CW1,32CVJ4DS87AKBZOS25MBBTDANR6VKA,Virtual Character Motion Comparison,Rate the similarity of the movements of the two side-by-side virtual characters,"video, comparison, virtual character animation",$0.05 ,Mon May 10 09:55:34 PDT 2021,51,BatchId:4436912;OriginalHitTemplateId:928390922;,300,259200,Mon May 17 09:55:34 PDT 2021,,,3PWWM24LH0DAFZD01G5INNA36IQ82Z,A16J2CW30USNJI,Submitted,Mon May 10 10:04:35 PDT 2021,Mon May 10 10:04:52 PDT 2021,Thu May 13 10:04:52 PDT 2021,,,,17,100% (4/4),0% (0/0),0% (0/0),https://www.cs.umb.edu/~fundad/drives/walking_neutral.mp4,4,,,
3X52SWXE14KVHY4Q6A4SOWQOPI4CW1,32CVJ4DS87AKBZOS25MBBTDANR6VKA,Virtual Character Motion Comparison,Rate the similarity of the movements of the two side-by-side virtual characters,"video, comparison, virtual character animation",$0.05 ,Mon May 10 09:55:34 PDT 2021,51,BatchId:4436912;OriginalHitTemplateId:928390922;,300,259200,Mon May 17 09:55:34 PDT 2021,,,3PXX5PX6L5DIM06BH7I7K7J2QC6ABA,A3HJNOCKXFOOVP,Submitted,Mon May 10 10:14:37 PDT 2021,Mon May 10 10:14:56 PDT 2021,Thu May 13 10:14:56 PDT 2021,,,,19,0% (0/0),0% (0/0),0% (0/0),https://www.cs.umb.edu/~fundad/drives/walking_neutral.mp4,2,,,
3X52SWXE14KVHY4Q6A4SOWQOPI4CW1,32CVJ4DS87AKBZOS25MBBTDANR6VKA,Virtual Character Motion Comparison,Rate the similarity of the movements of the two side-by-side virtual characters,"video, comparison, virtual character animation",$0.05 ,Mon May 10 09:55:34 PDT 2021,51,BatchId:4436912;OriginalHitTemplateId:928390922;,300,259200,Mon May 17 09:55:34 PDT 2021,,,3Q8GYXHFEXH4QZM00BNLNG9YGJ05C1,AT9UG11XAEDZL,Submitted,Mon May 10 09:56:06 PDT 2021,Mon May 10 09:56:24 PDT 2021,Thu May 13 09:56:24 PDT 2021,,,,18,0% (0/0),0% (0/0),0% (0/0),https://www.cs.umb.edu/~fundad/drives/walking_neutral.mp4,3,,,
3X52SWXE14KVHY4Q6A4SOWQOPI4CW1,32CVJ4DS87AKBZOS25MBBTDANR6VKA,Virtual Character Motion Comparison,Rate the similarity of the movements of the two side-by-side virtual characters,"video, comparison, virtual character animation",$0.05 ,Mon May 10 09:55:34 PDT 2021,51,BatchId:4436912;OriginalHitTemplateId:928390922;,300,259200,Mon May 17 09:55:34 PDT 2021,,,3R08VXYT7KASR16O5V2JXUUXZ5D7WR,A273PAYHIAJHO7,Submitted,Mon May 10 09:55:48 PDT 2021,Mon May 10 09:58:46 PDT 2021,Thu May 13 09:58:46 PDT 2021,,,,178,0% (0/0),0% (0/0),0% (0/0),https://www.cs.umb.edu/~fundad/drives/walking_neutral.mp4,3,,,
3X52SWXE14KVHY4Q6A4SOWQOPI4CW1,32CVJ4DS87AKBZOS25MBBTDANR6VKA,Virtual Character Motion Comparison,Rate the similarity of the movements of the two side-by-side virtual characters,"video, comparison, virtual character animation",$0.05 ,Mon May 10 09:55:34 PDT 2021,51,BatchId:4436912;OriginalHitTemplateId:928390922;,300,259200,Mon May 17 09:55:34 PDT 2021,,,3RANCT1ZVNW219K9NCZYK8VWXFXUB5,A2URMYFRQM2WHN,Submitted,Mon May 10 10:13:55 PDT 2021,Mon May 10 10:14:18 PDT 2021,Thu May 13 10:14:18 PDT 2021,,,,23,0% (0/0),0% (0/0),0% (0/0),https://www.cs.umb.edu/~fundad/drives/walking_neutral.mp4,4,,,
3X52SWXE14KVHY4Q6A4SOWQOPI4CW1,32CVJ4DS87AKBZOS25MBBTDANR6VKA,Virtual Character Motion Comparison,Rate the similarity of the movements of the two side-by-side virtual characters,"video, comparison, virtual character animation",$0.05 ,Mon May 10 09:55:34 PDT 2021,51,BatchId:4436912;OriginalHitTemplateId:928390922;,300,259200,Mon May 17 09:55:34 PDT 2021,,,3RJSC4XJ189KW7RKOVU1SF7X7U8058,A2YI54DHQAQAZX,Submitted,Mon May 10 10:14:58 PDT 2021,Mon May 10 10:18:31 PDT 2021,Thu May 13 10:18:31 PDT 2021,,,,213,0% (0/0),0% (0/0),0% (0/0),https://www.cs.umb.edu/~fundad/drives/walking_neutral.mp4,4,,,
3X52SWXE14KVHY4Q6A4SOWQOPI4CW1,32CVJ4DS87AKBZOS25MBBTDANR6VKA,Virtual Character Motion Comparison,Rate the similarity of the movements of the two side-by-side virtual characters,"video, comparison, virtual character animation",$0.05 ,Mon May 10 09:55:34 PDT 2021,51,BatchId:4436912;OriginalHitTemplateId:928390922;,300,259200,Mon May 17 09:55:34 PDT 2021,,,3RXPCZQMQXQIJT1M1AHSAHHW2VO1GQ,A306NPJADFSPON,Submitted,Mon May 10 09:58:28 PDT 2021,Mon May 10 09:59:56 PDT 2021,Thu May 13 09:59:56 PDT 2021,,,,88,0% (0/0),0% (0/0),0% (0/0),https://www.cs.umb.edu/~fundad/drives/walking_neutral.mp4,4,,,
3X52SWXE14KVHY4Q6A4SOWQOPI4CW1,32CVJ4DS87AKBZOS25MBBTDANR6VKA,Virtual Character Motion Comparison,Rate the similarity of the movements of the two side-by-side virtual characters,"video, comparison, virtual character animation",$0.05 ,Mon May 10 09:55:34 PDT 2021,51,BatchId:4436912;OriginalHitTemplateId:928390922;,300,259200,Mon May 17 09:55:34 PDT 2021,,,3TESA3PJ39PF7SJX5ZYL7EPWWSVMMR,AGSSNWV6IXW5D,Submitted,Mon May 10 10:02:09 PDT 2021,Mon May 10 10:03:03 PDT 2021,Thu May 13 10:03:03 PDT 2021,,,,54,0% (0/0),0% (0/0),0% (0/0),https://www.cs.umb.edu/~fundad/drives/walking_neutral.mp4,3,,,
3X52SWXE14KVHY4Q6A4SOWQOPI4CW1,32CVJ4DS87AKBZOS25MBBTDANR6VKA,Virtual Character Motion Comparison,Rate the similarity of the movements of the two side-by-side virtual characters,"video, comparison, virtual character animation",$0.05 ,Mon May 10 09:55:34 PDT 2021,51,BatchId:4436912;OriginalHitTemplateId:928390922;,300,259200,Mon May 17 09:55:34 PDT 2021,,,3TK8OJTYM904IIAJB7R4BE24SQKVPF,AK8WZAFALWBAO,Submitted,Mon May 10 10:11:49 PDT 2021,Mon May 10 10:12:14 PDT 2021,Thu May 13 10:12:14 PDT 2021,,,,25,0% (0/0),0% (0/0),0% (0/0),https://www.cs.umb.edu/~fundad/drives/walking_neutral.mp4,4,,,
3X52SWXE14KVHY4Q6A4SOWQOPI4CW1,32CVJ4DS87AKBZOS25MBBTDANR6VKA,Virtual Character Motion Comparison,Rate the similarity of the movements of the two side-by-side virtual characters,"video, comparison, virtual character animation",$0.05 ,Mon May 10 09:55:34 PDT 2021,51,BatchId:4436912;OriginalHitTemplateId:928390922;,300,259200,Mon May 17 09:55:34 PDT 2021,,,3TMFV4NEPGTWRFB7F0UPBUQSAPM8WI,A2IG6D2UY3XUXN,Submitted,Mon May 10 10:09:30 PDT 2021,Mon May 10 10:10:09 PDT 2021,Thu May 13 10:10:09 PDT 2021,,,,39,100% (45/45),0% (0/0),0% (0/0),https://www.cs.umb.edu/~fundad/drives/walking_neutral.mp4,4,,,
3X52SWXE14KVHY4Q6A4SOWQOPI4CW1,32CVJ4DS87AKBZOS25MBBTDANR6VKA,Virtual Character Motion Comparison,Rate the similarity of the movements of the two side-by-side virtual characters,"video, comparison, virtual character animation",$0.05 ,Mon May 10 09:55:34 PDT 2021,51,BatchId:4436912;OriginalHitTemplateId:928390922;,300,259200,Mon May 17 09:55:34 PDT 2021,,,3TPZPLC3M8RK6980RXLYSJAL16PP3A,AQ5H9HKYEGCXA,Submitted,Mon May 10 10:02:07 PDT 2021,Mon May 10 10:02:46 PDT 2021,Thu May 13 10:02:46 PDT 2021,,,,39,0% (0/0),0% (0/0),0% (0/0),https://www.cs.umb.edu/~fundad/drives/walking_neutral.mp4,3,,,
3X52SWXE14KVHY4Q6A4SOWQOPI4CW1,32CVJ4DS87AKBZOS25MBBTDANR6VKA,Virtual Character Motion Comparison,Rate the similarity of the movements of the two side-by-side virtual characters,"video, comparison, virtual character animation",$0.05 ,Mon May 10 09:55:34 PDT 2021,51,BatchId:4436912;OriginalHitTemplateId:928390922;,300,259200,Mon May 17 09:55:34 PDT 2021,,,3VW04L3ZL1L1VGH5XD23TCLSA0YXX5,A4D99Y82KOLC8,Submitted,Mon May 10 09:59:37 PDT 2021,Mon May 10 09:59:43 PDT 2021,Thu May 13 09:59:43 PDT 2021,,,,6,100% (43/43),0% (0/0),0% (0/0),https://www.cs.umb.edu/~fundad/drives/walking_neutral.mp4,3,,,
3X52SWXE14KVHY4Q6A4SOWQOPI4CW1,32CVJ4DS87AKBZOS25MBBTDANR6VKA,Virtual Character Motion Comparison,Rate the similarity of the movements of the two side-by-side virtual characters,"video, comparison, virtual character animation",$0.05 ,Mon May 10 09:55:34 PDT 2021,51,BatchId:4436912;OriginalHitTemplateId:928390922;,300,259200,Mon May 17 09:55:34 PDT 2021,,,3WEV0KO0OU7F1TQPC3V40X18F3KDSB,AE62GL4CCNGDS,Submitted,Mon May 10 09:57:06 PDT 2021,Mon May 10 09:58:12 PDT 2021,Thu May 13 09:58:12 PDT 2021,,,,66,0% (0/0),0% (0/0),0% (0/0),https://www.cs.umb.edu/~fundad/drives/walking_neutral.mp4,3,,,
3X52SWXE14KVHY4Q6A4SOWQOPI4CW1,32CVJ4DS87AKBZOS25MBBTDANR6VKA,Virtual Character Motion Comparison,Rate the similarity of the movements of the two side-by-side virtual characters,"video, comparison, virtual character animation",$0.05 ,Mon May 10 09:55:34 PDT 2021,51,BatchId:4436912;OriginalHitTemplateId:928390922;,300,259200,Mon May 17 09:55:34 PDT 2021,,,3X4JMASXCUOMLN8TP5LEV17PHQPB0F,A2MRHI9MYSZ37U,Submitted,Mon May 10 09:56:31 PDT 2021,Mon May 10 09:56:46 PDT 2021,Thu May 13 09:56:46 PDT 2021,,,,15,0% (0/0),0% (0/0),0% (0/0),https://www.cs.umb.edu/~fundad/drives/walking_neutral.mp4,4,,,
3X52SWXE14KVHY4Q6A4SOWQOPI4CW1,32CVJ4DS87AKBZOS25MBBTDANR6VKA,Virtual Character Motion Comparison,Rate the similarity of the movements of the two side-by-side virtual characters,"video, comparison, virtual character animation",$0.05 ,Mon May 10 09:55:34 PDT 2021,51,BatchId:4436912;OriginalHitTemplateId:928390922;,300,259200,Mon May 17 09:55:34 PDT 2021,,,3XIQGXAUMKN7G1BEF0Y5ZD8487L7XM,A2EF88OYJ2OX19,Submitted,Mon May 10 10:04:28 PDT 2021,Mon May 10 10:05:27 PDT 2021,Thu May 13 10:05:27 PDT 2021,,,,59,0% (0/0),0% (0/0),0% (0/0),https://www.cs.umb.edu/~fundad/drives/walking_neutral.mp4,3,,,
3X52SWXE14KVHY4Q6A4SOWQOPI4CW1,32CVJ4DS87AKBZOS25MBBTDANR6VKA,Virtual Character Motion Comparison,Rate the similarity of the movements of the two side-by-side virtual characters,"video, comparison, virtual character animation",$0.05 ,Mon May 10 09:55:34 PDT 2021,51,BatchId:4436912;OriginalHitTemplateId:928390922;,300,259200,Mon May 17 09:55:34 PDT 2021,,,3XUHV3NRVSDV77XGM31MY76ETB5H5M,A4J4GGMKJ68L0,Submitted,Mon May 10 09:57:23 PDT 2021,Mon May 10 09:57:57 PDT 2021,Thu May 13 09:57:57 PDT 2021,,,,34,100% (3/3),0% (0/0),0% (0/0),https://www.cs.umb.edu/~fundad/drives/walking_neutral.mp4,4,,,
,,,,,,,,,,,,,,,,,,,,,,,,,,,,,,,
,,,,,,,,,,,,,,,,,,,,,,,,,,,,3.62745098,,,